timestamp,volume,negative_rate,stance_against_rate,stance_favor_rate,stance_neutral_rate,delta_volume,delta_negative_rate,delta_against_rate,delta_volume_rate,sentiment_avg_score,stance_against_mean,stance_favor_mean,stance_neutral_mean,avg_engagement,total_engagement,max_engagement,engagement_rate,delta_engagement,delta_engagement_rate,avg_like_count,avg_retweet_count,avg_reply_count,is_controversy
2025-07-13 00:00:00+09:00,57,0.1403508771929824,0.1525423728813559,0.1186440677966101,0.7288135593220338,0.0,0.0,0.0,0.0,0.4122393183347027,0.2797812296610169,0.2942314861016948,0.4259872776271186,18.5,999.0,175.0,17.526315789473685,0.0,0.0,17.14814814814815,0.9814814814814816,0.3703703703703703,0
2025-07-13 01:00:00+09:00,48,0.1041666666666666,0.1875,0.125,0.6875,-9.0,-0.0361842105263157,0.034957627118644,-0.1578947368421052,0.4696242284335313,0.2909201214583333,0.2933922252083333,0.4156876539583333,23.113636363636363,1017.0,461.0,21.1875,18.0,0.018018018018018,22.045454545454547,0.4772727272727273,0.5909090909090909,0
2025-07-13 02:00:00+09:00,61,0.1639344262295081,0.0655737704918032,0.2459016393442623,0.6885245901639344,13.0,0.0597677595628415,-0.1219262295081967,0.2708333333333333,0.3887582314792319,0.296348517704918,0.2998502240983606,0.40380126,5.461538461538463,284.0,175.0,4.655737704918033,-733.0,-0.7207472959685349,5.153846153846154,0.1538461538461538,0.1538461538461538,0
2025-07-13 03:00:00+09:00,24,0.0416666666666666,0.0833333333333333,0.25,0.6666666666666666,-37.0,-0.1222677595628415,0.01775956284153,-0.6065573770491803,0.5329757795067659,0.2853709683333333,0.30822337875,0.4064056520833333,3.421052631578948,65.0,25.0,2.708333333333333,-219.0,-0.7711267605633803,3.0526315789473686,0.1052631578947368,0.2631578947368421,0
2025-07-13 04:00:00+09:00,32,0.125,0.15625,0.15625,0.6875,8.0,0.0833333333333334,0.0729166666666666,0.3333333333333333,0.4849874925494078,0.2867194196875,0.3039011175,0.409379463125,8.608695652173912,198.0,75.0,6.1875,133.0,2.046153846153846,8.130434782608695,0.2608695652173913,0.217391304347826,0
2025-07-13 05:00:00+09:00,34,0.2058823529411764,0.1142857142857142,0.1428571428571428,0.7428571428571429,2.0,0.0808823529411764,-0.0419642857142857,0.0625,0.2730330883359004,0.291894955142857,0.2978388542857143,0.4102661985714286,11.275862068965518,327.0,188.0,9.617647058823527,129.0,0.6515151515151515,9.0,1.5862068965517242,0.6896551724137931,0
2025-07-13 06:00:00+09:00,10,0.1,0.0909090909090909,0.2727272727272727,0.6363636363636364,-24.0,-0.1058823529411764,-0.0233766233766233,-0.7058823529411765,0.4650102376683869,0.2547151545454545,0.3157351309090908,0.42954971,17.75,142.0,59.0,14.2,-185.0,-0.5657492354740061,15.875,1.625,0.25,0
2025-07-13 07:00:00+09:00,20,0.05,0.0476190476190476,0.4285714285714285,0.5238095238095238,10.0,-0.05,-0.0432900432900432,1.0,0.4719213355232828,0.2806237828571428,0.3314137776190476,0.3879624409523809,20.0,320.0,91.0,16.0,178.0,1.2535211267605637,18.5625,0.875,0.5625,0
2025-07-13 08:00:00+09:00,32,0.09375,0.0294117647058823,0.1470588235294117,0.8235294117647058,12.0,0.04375,-0.0182072829131652,0.6,0.440678956651348,0.2624726567647059,0.3026608638235294,0.4348664785294117,11.961538461538462,311.0,38.0,9.71875,-9.0,-0.028125,10.846153846153848,0.4230769230769231,0.6923076923076923,0
2025-07-13 09:00:00+09:00,49,0.0612244897959183,0.1,0.18,0.72,17.0,-0.0325255102040817,0.0705882352941176,0.53125,0.5550276135513559,0.2744280914,0.3022082333999999,0.4233636716,19.58823529411765,666.0,88.0,13.591836734693878,355.0,1.1414790996784565,17.941176470588236,0.6470588235294118,1.0,0
2025-07-13 10:00:00+09:00,39,0.0512820512820512,0.0256410256410256,0.282051282051282,0.6923076923076923,-10.0,-0.0099424385138671,-0.0743589743589743,-0.2040816326530612,0.6021684870893996,0.2687345828205127,0.3171891982051282,0.4140762164102564,51.54545454545456,1701.0,494.0,43.61538461538461,1035.0,1.554054054054054,40.36363636363637,9.87878787878788,1.303030303030303,0
2025-07-13 11:00:00+09:00,47,0.0851063829787234,0.1458333333333333,0.1666666666666666,0.6875,8.0,0.0338243316966722,0.1201923076923077,0.2051282051282051,0.5568101797543932,0.2730690433333333,0.3045218085416666,0.4224091533333333,25.615384615384613,999.0,266.0,21.25531914893617,-702.0,-0.4126984126984127,22.025641025641026,3.1538461538461537,0.4358974358974359,0
2025-07-13 12:00:00+09:00,8,0.0,0.125,0.25,0.625,-39.0,-0.0851063829787234,-0.0208333333333333,-0.8297872340425532,0.6336626866032021,0.3166720925,0.30371160875,0.37961630125,17.857142857142854,125.0,66.0,15.625,-874.0,-0.8748748748748749,16.285714285714285,1.2857142857142858,0.2857142857142857,0
2025-07-13 13:00:00+09:00,80,0.0625,0.048780487804878,0.2439024390243902,0.7073170731707317,72.0,0.0625,-0.0762195121951219,9.0,0.5497418948933313,0.263422356707317,0.3098729867073171,0.4267046497560975,24.71232876712329,1804.0,273.0,22.55,1679.0,13.432,16.863013698630137,7.013698630136986,0.8356164383561644,0
2025-07-13 15:00:00+09:00,7,0.0,0.2857142857142857,0.2857142857142857,0.4285714285714285,-73.0,-0.0625,0.2369337979094076,-0.9125,0.6779559476001721,0.3078062942857143,0.3021104485714286,0.3900832571428571,218.33333333333331,655.0,629.0,93.57142857142856,-1149.0,-0.6369179600886918,6.333333333333333,209.66666666666663,2.333333333333333,0
2025-07-13 16:00:00+09:00,4,0.25,0.25,0.0,0.75,-3.0,0.25,-0.0357142857142857,-0.4285714285714285,0.6076258678804152,0.27261274,0.245790085,0.481597175,4.25,17.0,10.0,4.25,-638.0,-0.9740458015267176,4.25,0.0,0.0,0
2025-07-13 17:00:00+09:00,94,0.0957446808510638,0.0707070707070707,0.1818181818181818,0.7474747474747475,90.0,-0.1542553191489362,-0.1792929292929292,22.5,0.4544406063311423,0.2726013032323233,0.3073439683838384,0.4200547302020201,17.844155844155846,1374.0,259.0,14.617021276595745,1357.0,79.82352941176471,16.83116883116883,0.6623376623376623,0.3506493506493506,0
2025-07-13 18:00:00+09:00,1,0.0,0.0,0.0,1.0,-93.0,-0.0957446808510638,-0.0707070707070707,-0.9893617021276596,0.982581043848768,0.2605886,0.23742692,0.50198454,9.0,9.0,9.0,9.0,-1365.0,-0.9934497816593888,9.0,0.0,0.0,0
2025-07-13 19:00:00+09:00,48,0.1041666666666666,0.0784313725490196,0.1372549019607843,0.7843137254901961,47.0,0.1041666666666666,0.0784313725490196,47.0,0.4739732849297534,0.2719916907843137,0.3010157874509804,0.4269925219607842,43.825,1753.0,684.0,36.520833333333336,1744.0,193.77777777777777,38.725,4.375,0.725,0
2025-07-13 21:00:00+09:00,96,0.0416666666666666,0.09,0.22,0.69,48.0,-0.0625,0.0115686274509803,1.0,0.6497573355463101,0.2677432662,0.3106069836,0.421649751,21.296296296296298,1725.0,538.0,17.96875,-28.0,-0.0159726183685111,19.85185185185185,0.7654320987654321,0.6790123456790124,0
2025-07-13 22:00:00+09:00,4,0.25,0.0,0.5,0.5,-92.0,0.2083333333333334,-0.09,-0.9583333333333334,0.4898238748137373,0.24622807,0.2909682325,0.4628037175,4.333333333333333,13.0,7.0,3.25,-1712.0,-0.992463768115942,4.0,0.0,0.3333333333333333,0
2025-07-13 23:00:00+09:00,92,0.1195652173913043,0.1382978723404255,0.1170212765957446,0.7446808510638298,88.0,-0.1304347826086957,0.1382978723404255,22.0,0.4557240663376201,0.284474519787234,0.2901914138297872,0.4253340680851065,18.925,1514.0,376.0,16.456521739130434,1501.0,115.46153846153848,17.9625,0.5625,0.4,0
2025-07-14 00:00:00+09:00,35,0.1714285714285714,0.054054054054054,0.081081081081081,0.8648648648648649,-57.0,0.0518633540372671,-0.0842438182863714,-0.6195652173913043,0.2549172281444929,0.2870835143243243,0.2897117062162161,0.4232047843243243,29.387096774193548,911.0,305.0,26.02857142857143,-603.0,-0.3982826948480845,27.41935483870968,1.6129032258064515,0.3548387096774194,0
2025-07-14 01:00:00+09:00,14,0.0,0.0625,0.125,0.8125,-21.0,-0.1714285714285714,0.0084459459459459,-0.6,0.6759728062716022,0.2706029075,0.296192606875,0.433204485625,13.416666666666668,161.0,34.0,11.5,-750.0,-0.823271130625686,13.083333333333334,0.0833333333333333,0.25,0
2025-07-14 02:00:00+09:00,70,0.1,0.2,0.1428571428571428,0.6571428571428571,56.0,0.1,0.1375,4.0,0.489994337371484,0.299831365,0.2962807645714286,0.4038878725714286,3.0153846153846158,196.0,75.0,2.8,35.0,0.217391304347826,2.7384615384615385,0.2153846153846154,0.0615384615384615,0
2025-07-14 03:00:00+09:00,33,0.1212121212121212,0.0571428571428571,0.2,0.7428571428571429,-37.0,0.0212121212121211,-0.1428571428571428,-0.5285714285714286,0.4160784800603454,0.2901270291428571,0.2904120291428572,0.4194609288571428,1.5416666666666667,37.0,5.0,1.121212121212121,-159.0,-0.8112244897959183,1.25,0.125,0.1666666666666666,0
2025-07-14 04:00:00+09:00,6,0.3333333333333333,0.0,0.3333333333333333,0.6666666666666666,-27.0,0.2121212121212121,-0.0571428571428571,-0.8181818181818182,0.397176686654954,0.2769706433333333,0.3221859316666666,0.4008434666666667,72.8,364.0,351.0,60.66666666666666,327.0,8.837837837837839,1.8,70.2,0.8,0
2025-07-14 05:00:00+09:00,3,0.0,0.0,0.25,0.75,-3.0,-0.3333333333333333,0.0,-0.5,0.6583346601983067,0.2333083875,0.298449545,0.4682420775,17.0,34.0,23.0,11.333333333333334,-330.0,-0.9065934065934066,13.5,3.0,0.5,0
2025-07-14 06:00:00+09:00,27,0.037037037037037,0.0357142857142857,0.1785714285714285,0.7857142857142857,24.0,0.037037037037037,0.0357142857142857,8.0,0.6077212916695447,0.2642146653571428,0.3004877003571428,0.4352976292857143,4.375,70.0,15.0,2.592592592592593,36.0,1.0588235294117647,4.0,0.0625,0.3125,0
2025-07-14 07:00:00+09:00,49,0.0612244897959183,0.1346153846153846,0.1538461538461538,0.7115384615384616,22.0,0.0241874527588812,0.0989010989010989,0.8148148148148148,0.5789878461174129,0.2842550951923077,0.289250170576923,0.4264947357692307,42.58974358974359,1661.0,738.0,33.89795918367347,1591.0,22.728571428571428,40.84615384615385,1.1282051282051282,0.6153846153846154,0
2025-07-14 08:00:00+09:00,37,0.1081081081081081,0.025,0.075,0.9,-12.0,0.0468836183121898,-0.1096153846153846,-0.2448979591836734,0.4373830605603871,0.27584835725,0.29079136325,0.4333602785,25.838709677419352,801.0,245.0,21.64864864864865,-860.0,-0.5177603853100542,23.93548387096774,0.7741935483870968,1.1290322580645162,0
2025-07-14 09:00:00+09:00,45,0.1111111111111111,0.0638297872340425,0.1276595744680851,0.8085106382978723,8.0,0.003003003003003,0.0388297872340425,0.2162162162162162,0.3817165948331673,0.2694045902127659,0.2903577010638297,0.4402377082978723,18.10810810810811,670.0,100.0,14.88888888888889,-131.0,-0.16354556803995,15.432432432432432,1.7567567567567568,0.918918918918919,0
2025-07-14 10:00:00+09:00,34,0.0588235294117647,0.2058823529411764,0.1176470588235294,0.6764705882352942,-11.0,-0.0522875816993464,0.1420525657071339,-0.2444444444444444,0.4552819738061825,0.2884719267647059,0.2922941823529412,0.4192338873529411,7.5,210.0,48.0,6.176470588235294,-460.0,-0.6865671641791045,6.821428571428571,0.0357142857142857,0.6428571428571429,0
2025-07-14 11:00:00+09:00,48,0.0833333333333333,0.0784313725490196,0.1176470588235294,0.803921568627451,14.0,0.0245098039215686,-0.1274509803921568,0.4117647058823529,0.4278451334525302,0.2645932419607842,0.2967677272549019,0.4386390278431373,23.333333333333336,910.0,276.0,18.95833333333333,700.0,3.333333333333333,20.17948717948718,2.4615384615384617,0.6923076923076923,0
2025-07-14 12:00:00+09:00,30,0.1,0.0606060606060606,0.2121212121212121,0.7272727272727273,-18.0,0.0166666666666667,-0.017825311942959,-0.375,0.3303309724609735,0.2769175290909091,0.312882436969697,0.4102000287878788,10.142857142857142,213.0,45.0,7.1,-697.0,-0.765934065934066,8.666666666666666,0.3333333333333333,1.1428571428571428,0
2025-07-14 13:00:00+09:00,57,0.087719298245614,0.0689655172413793,0.2413793103448276,0.6896551724137931,27.0,-0.012280701754386,0.0083594566353187,0.9,0.5051978629038285,0.2771275844827586,0.3002719070689655,0.4226005153448275,22.208333333333336,1066.0,151.0,18.70175438596491,853.0,4.004694835680751,16.916666666666668,3.8541666666666665,1.4375,0
2025-07-14 14:00:00+09:00,41,0.1707317073170731,0.0476190476190476,0.2857142857142857,0.6666666666666666,-16.0,0.0830124090714591,-0.0213464696223316,-0.2807017543859649,0.4530409196269743,0.2952020354761905,0.3178451809523809,0.3869527845238095,22.333333333333336,737.0,360.0,17.975609756097562,-329.0,-0.3086303939962476,20.51515151515152,1.4242424242424243,0.3939393939393939,0
2025-07-14 15:00:00+09:00,46,0.1521739130434782,0.0851063829787234,0.1063829787234042,0.8085106382978723,5.0,-0.0185577942735949,0.0374873353596757,0.1219512195121951,0.4026521861124685,0.2739992680851064,0.2954913229787234,0.4305094053191489,31.55,1262.0,721.0,27.43478260869565,525.0,0.7123473541383989,12.475,18.55,0.525,0
2025-07-14 16:00:00+09:00,20,0.0,0.15,0.15,0.7,-26.0,-0.1521739130434782,0.0648936170212765,-0.5652173913043478,0.6668550430214965,0.259907709,0.3107173729999999,0.4293749165,24.555555555555557,442.0,185.0,22.1,-820.0,-0.6497622820919176,21.22222222222222,1.7222222222222223,1.6111111111111112,0
2025-07-14 17:00:00+09:00,77,0.0259740259740259,0.0512820512820512,0.1923076923076923,0.7564102564102564,57.0,0.0259740259740259,-0.0987179487179487,2.85,0.6522207074091197,0.2692969942307692,0.3013646816666666,0.4293383212820513,42.138461538461534,2739.0,974.0,35.57142857142857,2297.0,5.1968325791855206,37.98461538461538,3.4461538461538463,0.7076923076923077,0
2025-07-14 18:00:00+09:00,10,0.0,0.0,0.1818181818181818,0.8181818181818182,-67.0,-0.0259740259740259,-0.0512820512820512,-0.8701298701298701,0.6913076533237473,0.2552074754545455,0.3034601418181818,0.4413323863636364,11.875,95.0,27.0,9.5,-2644.0,-0.9653158086893028,11.375,0.125,0.375,0
2025-07-14 19:00:00+09:00,77,0.1038961038961039,0.1025641025641025,0.2051282051282051,0.6923076923076923,67.0,0.1038961038961039,0.1025641025641025,6.7,0.4273090672698648,0.2821790119230769,0.3073364532051282,0.4104845348717948,24.984126984126984,1574.0,177.0,20.44155844155844,1479.0,15.56842105263158,23.19047619047619,1.2063492063492065,0.5873015873015873,0
2025-07-14 20:00:00+09:00,1,0.0,0.0,0.0,1.0,-76.0,-0.1038961038961039,-0.1025641025641025,-0.987012987012987,0.9851960948435592,0.21788774,0.23681158,0.54530066,,0.0,,0.0,-1574.0,-1.0,,,,0
2025-07-14 21:00:00+09:00,23,0.0,0.0416666666666666,0.2083333333333333,0.75,22.0,0.0,0.0416666666666666,22.0,0.6754712750989712,0.267296665,0.3057389545833333,0.4269643804166667,78.57142857142857,1100.0,400.0,47.82608695652174,1100.0,0.0,69.92857142857143,8.214285714285714,0.4285714285714285,0
2025-07-14 22:00:00+09:00,9,0.0,0.0,0.0,1.0,-14.0,0.0,-0.0416666666666666,-0.6086956521739131,0.716632892882141,0.25606318,0.2998044188888888,0.4441324211111111,35.77777777777778,322.0,196.0,35.77777777777778,-778.0,-0.7072727272727273,34.666666666666664,1.1111111111111112,0.0,0
2025-07-14 23:00:00+09:00,25,0.16,0.0769230769230769,0.1923076923076923,0.7307692307692307,16.0,0.16,0.0769230769230769,1.7777777777777777,0.4457189838464659,0.27847867,0.3074677796153846,0.4140535453846153,22.52631578947369,428.0,108.0,17.12,106.0,0.3291925465838509,21.42105263157895,0.6842105263157895,0.4210526315789473,0
2025-07-15 00:00:00+09:00,64,0.15625,0.140625,0.140625,0.71875,39.0,-0.00375,0.063701923076923,1.56,0.3296267195955806,0.2870173379687499,0.2949440615624999,0.41803860671875,25.4,1397.0,546.0,21.828125,969.0,2.264018691588785,13.581818181818182,10.327272727272728,1.490909090909091,0
2025-07-15 01:00:00+09:00,39,0.0769230769230769,0.1707317073170731,0.1463414634146341,0.6829268292682927,-25.0,-0.0793269230769231,0.0301067073170731,-0.390625,0.5283759964428411,0.2928542412195122,0.2907246521951219,0.4164211158536585,19.4375,622.0,150.0,15.948717948717947,-775.0,-0.5547602004294918,17.53125,1.25,0.65625,0
2025-07-15 02:00:00+09:00,68,0.2205882352941176,0.1739130434782608,0.1739130434782608,0.6521739130434783,29.0,0.1436651583710407,0.0031813361611876,0.7435897435897436,0.2674713846164472,0.2959200915942029,0.2893014827536231,0.4147784268115942,1.271186440677966,75.0,15.0,1.1029411764705883,-547.0,-0.8794212218649518,1.0847457627118644,0.0677966101694915,0.1186440677966101,0
2025-07-15 03:00:00+09:00,28,0.1071428571428571,0.0714285714285714,0.25,0.6785714285714286,-40.0,-0.1134453781512605,-0.1024844720496894,-0.5882352941176471,0.4188243365580483,0.2903150092857142,0.3177312228571428,0.3919537685714286,0.9545454545454544,21.0,3.0,0.75,-54.0,-0.72,0.7727272727272727,0.0454545454545454,0.1363636363636363,0
2025-07-15 04:00:00+09:00,27,0.1481481481481481,0.1111111111111111,0.4074074074074074,0.4814814814814814,-1.0,0.041005291005291,0.0396825396825396,-0.0357142857142857,0.3576437929791778,0.3118531959259259,0.3156456511111111,0.3725011525925926,1.0434782608695652,24.0,6.0,0.8888888888888888,3.0,0.1428571428571428,0.7391304347826086,0.1739130434782608,0.1304347826086956,0
2025-07-15 05:00:00+09:00,49,0.1224489795918367,0.04,0.24,0.72,22.0,-0.0256991685563114,-0.0711111111111111,0.8148148148148148,0.5133661107264926,0.2933629456,0.306530641,0.4001064133999999,22.77142857142857,797.0,322.0,16.26530612244898,773.0,32.208333333333336,16.97142857142857,4.571428571428571,1.2285714285714286,0
2025-07-15 06:00:00+09:00,29,0.0689655172413793,0.2413793103448276,0.2413793103448276,0.5172413793103449,-20.0,-0.0534834623504574,0.2013793103448276,-0.4081632653061224,0.5074515928482188,0.2963834755172414,0.3009086837931035,0.4027078348275861,11.08695652173913,255.0,97.0,8.793103448275861,-542.0,-0.6800501882057717,10.434782608695652,0.1304347826086956,0.5217391304347826,0
2025-07-15 07:00:00+09:00,62,0.1935483870967742,0.106060606060606,0.1515151515151515,0.7424242424242424,33.0,0.1245828698553948,-0.1353187042842215,1.137931034482759,0.2976201299443897,0.2777224607575758,0.2930514131818181,0.4292261196969697,14.176470588235295,723.0,167.0,11.661290322580646,468.0,1.8352941176470587,13.372549019607844,0.4901960784313725,0.3137254901960784,0
2025-07-15 08:00:00+09:00,37,0.1351351351351351,0.1578947368421052,0.1842105263157894,0.6578947368421053,-25.0,-0.0584132519616391,0.0518341307814991,-0.4032258064516129,0.4028531282919607,0.2924029842105263,0.2983939113157894,0.4092030968421052,28.41379310344828,824.0,426.0,22.27027027027027,101.0,0.1396957123098202,26.379310344827587,1.4137931034482758,0.6206896551724138,0
2025-07-15 09:00:00+09:00,41,0.1463414634146341,0.2142857142857142,0.1428571428571428,0.6428571428571429,4.0,0.011206328279499,0.056390977443609,0.1081081081081081,0.4085291864466854,0.2856285064285714,0.2920833180952381,0.4222881792857142,24.558823529411764,835.0,245.0,20.365853658536587,11.0,0.0133495145631067,23.264705882352946,0.4705882352941176,0.8235294117647058,0
2025-07-15 10:00:00+09:00,38,0.1842105263157894,0.0526315789473684,0.2105263157894736,0.7368421052631579,-3.0,0.0378690629011553,-0.1616541353383458,-0.073170731707317,0.3612280871694613,0.2900198005263158,0.2941578881578947,0.415822322368421,14.588235294117649,496.0,255.0,13.052631578947368,-339.0,-0.4059880239520958,12.852941176470589,1.2058823529411764,0.5294117647058824,0
2025-07-15 11:00:00+09:00,56,0.1071428571428571,0.1052631578947368,0.175438596491228,0.7192982456140351,18.0,-0.0770676691729323,0.0526315789473684,0.4736842105263157,0.3928752995153334,0.2909554505263158,0.2952748866666666,0.4137696649122807,55.68750000000001,2673.0,946.0,47.73214285714285,2177.0,4.389112903225806,51.833333333333336,2.958333333333333,0.8958333333333334,0
2025-07-15 12:00:00+09:00,36,0.1944444444444444,0.0526315789473684,0.131578947368421,0.8157894736842105,-20.0,0.0873015873015873,-0.0526315789473684,-0.3571428571428571,0.2711718864034322,0.2767993131578947,0.279345265,0.4438554223684209,11.09375,355.0,67.0,9.86111111111111,-2318.0,-0.8671904227459784,9.65625,1.0,0.4375,0
2025-07-15 13:00:00+09:00,56,0.0714285714285714,0.1206896551724138,0.1724137931034483,0.7068965517241379,20.0,-0.123015873015873,0.0680580762250453,0.5555555555555556,0.5394065489988485,0.277127824137931,0.2957502510344827,0.4271219331034482,30.28,1514.0,243.0,27.035714285714285,1159.0,3.2647887323943663,20.06,9.24,0.98,0
2025-07-15 14:00:00+09:00,52,0.1346153846153846,0.0576923076923076,0.173076923076923,0.7692307692307693,-4.0,0.0631868131868132,-0.0629973474801061,-0.0714285714285714,0.446151507164289,0.2849469628846154,0.2925425509615385,0.4225104896153846,24.893617021276597,1170.0,352.0,22.5,-344.0,-0.2272126816380449,23.04255319148936,1.0212765957446808,0.8297872340425532,0
2025-07-15 15:00:00+09:00,48,0.0833333333333333,0.0833333333333333,0.1666666666666666,0.75,-4.0,-0.0512820512820513,0.0256410256410256,-0.0769230769230769,0.5424982711495735,0.2806521279166666,0.3022768260416666,0.4170710470833333,25.37209302325581,1091.0,579.0,22.729166666666668,-79.0,-0.0675213675213675,23.046511627906977,1.8837209302325584,0.4418604651162791,0
2025-07-15 17:00:00+09:00,8,0.0,0.125,0.25,0.625,-40.0,-0.0833333333333333,0.0416666666666666,-0.8333333333333334,0.8731291662406875,0.270898665,0.3170266362499999,0.41207467875,179.42857142857142,1256.0,409.0,157.0,165.0,0.151237396883593,115.71428571428572,60.71428571428572,3.0,0
2025-07-15 19:00:00+09:00,27,0.0,0.0357142857142857,0.25,0.7142857142857143,19.0,0.0,-0.0892857142857142,2.375,0.6447624834295962,0.2875130414285713,0.3255121371428572,0.3869748246428571,98.42105263157896,1870.0,542.0,69.25925925925925,614.0,0.4888535031847134,92.05263157894736,5.894736842105263,0.4736842105263157,0
2025-07-15 21:00:00+09:00,85,0.0352941176470588,0.1111111111111111,0.1777777777777777,0.7111111111111111,58.0,0.0352941176470588,0.0753968253968253,2.1481481481481484,0.5059459915966726,0.2824289196666666,0.3100995906666666,0.4074714855555556,14.353846153846154,933.0,106.0,10.976470588235294,-937.0,-0.5010695187165776,12.876923076923076,1.1846153846153846,0.2923076923076923,0
2025-07-15 23:00:00+09:00,120,0.0916666666666666,0.175,0.1833333333333333,0.6416666666666667,35.0,0.0563725490196078,0.0638888888888888,0.4117647058823529,0.5336883366486291,0.296213309,0.302195499,0.40159118875,13.93814432989691,1352.0,248.0,11.266666666666667,419.0,0.4490889603429796,13.31958762886598,0.3092783505154639,0.3092783505154639,0
2025-07-16 21:00:00+09:00,87,0.0689655172413793,0.1098901098901098,0.0879120879120879,0.8021978021978022,-33.0,-0.0227011494252873,-0.0651098901098901,-0.275,0.5294420588045166,0.2774943182417583,0.2908425268131868,0.4316631553846153,37.72,2829.0,683.0,32.51724137931034,1477.0,1.092455621301775,33.266666666666666,3.933333333333333,0.52,0
2025-07-16 23:00:00+09:00,92,0.1739130434782608,0.0927835051546391,0.1237113402061855,0.7835051546391752,5.0,0.1049475262368815,-0.0171066047354707,0.057471264367816,0.3655976326212038,0.2851656486597937,0.2945389467010309,0.4202954096907216,18.95121951219512,1554.0,491.0,16.891304347826086,-1275.0,-0.4506892895015906,17.9390243902439,0.7195121951219512,0.2926829268292683,0
2025-07-17 00:00:00+09:00,78,0.0641025641025641,0.0689655172413793,0.2298850574712643,0.7011494252873564,-14.0,-0.1098104793756967,-0.0238179879132598,-0.1521739130434782,0.5530982125435432,0.283132702413793,0.313619398045977,0.4032479024137931,26.723076923076924,1737.0,268.0,22.26923076923077,183.0,0.1177606177606177,24.87692307692308,1.3076923076923077,0.5384615384615384,0
2025-07-17 01:00:00+09:00,63,0.0952380952380952,0.1587301587301587,0.1428571428571428,0.6984126984126984,-15.0,0.0311355311355311,0.0897646414887794,-0.1923076923076923,0.4821666010548286,0.2882363633333333,0.3037670412698412,0.4079965893650794,50.813559322033896,2998.0,730.0,47.58730158730159,1261.0,0.7259643062751872,46.52542372881356,3.864406779661017,0.423728813559322,0
2025-07-17 02:00:00+09:00,72,0.1527777777777778,0.1780821917808219,0.1095890410958904,0.7123287671232876,9.0,0.0575396825396825,0.0193520330506631,0.1428571428571428,0.4463292559216513,0.2906121102739726,0.296796708219178,0.4125911794520548,5.888888888888889,371.0,42.0,5.152777777777778,-2627.0,-0.8762508338892595,5.492063492063492,0.1428571428571428,0.2539682539682539,0
2025-07-17 03:00:00+09:00,31,0.1290322580645161,0.125,0.15625,0.71875,-41.0,-0.0237455197132616,-0.0530821917808219,-0.5694444444444444,0.5155671200518555,0.2982579953125,0.311803898125,0.3899381065625,3.0869565217391304,71.0,22.0,2.290322580645161,-300.0,-0.8086253369272237,2.6956521739130435,0.1304347826086956,0.2608695652173913,0
2025-07-17 04:00:00+09:00,39,0.0769230769230769,0.1282051282051282,0.1282051282051282,0.7435897435897436,8.0,-0.0521091811414392,0.0032051282051281,0.2580645161290322,0.5433681667051039,0.2955985825641025,0.2877269923076923,0.4166744223076923,3.741935483870968,116.0,15.0,2.9743589743589745,45.0,0.6338028169014085,3.2580645161290325,0.0967741935483871,0.3870967741935484,0
2025-07-17 05:00:00+09:00,52,0.1538461538461538,0.074074074074074,0.1666666666666666,0.7592592592592593,13.0,0.0769230769230769,-0.0541310541310541,0.3333333333333333,0.3393132982094324,0.2731294064814815,0.2977776559259259,0.429092937962963,28.125,1125.0,880.0,21.634615384615383,1009.0,8.698275862068966,26.8,1.075,0.25,0
2025-07-17 06:00:00+09:00,41,0.048780487804878,0.1363636363636363,0.1590909090909091,0.7045454545454546,-11.0,-0.1050656660412757,0.0622895622895622,-0.2115384615384615,0.5559656976944428,0.2748529738636363,0.3084782106818182,0.4166688084090909,28.32258064516129,878.0,256.0,21.414634146341463,-247.0,-0.2195555555555555,27.06451612903226,0.7096774193548387,0.5483870967741935,0
2025-07-17 07:00:00+09:00,62,0.0967741935483871,0.078125,0.21875,0.703125,21.0,0.047993705743509,-0.0582386363636363,0.5121951219512195,0.454708636223586,0.27898680546875,0.3051248128125,0.41588838203125,27.200000000000003,1224.0,210.0,19.741935483870968,346.0,0.3940774487471526,22.244444444444444,3.4444444444444446,1.511111111111111,0
2025-07-17 08:00:00+09:00,58,0.1206896551724138,0.0169491525423728,0.2203389830508474,0.7627118644067796,-4.0,0.0239154616240267,-0.0611758474576271,-0.064516129032258,0.5086547736378418,0.2777080822033897,0.3039402598305085,0.4183516584745762,24.333333333333336,1168.0,278.0,20.13793103448276,-56.0,-0.0457516339869281,20.291666666666668,3.375,0.6666666666666666,0
2025-07-17 09:00:00+09:00,62,0.0806451612903225,0.0634920634920634,0.2698412698412698,0.6666666666666666,4.0,-0.0400444938820913,0.0465429109496906,0.0689655172413793,0.4576591632757631,0.2812503253968254,0.3058806698412697,0.4128690080952381,66.93478260869566,3079.0,923.0,49.66129032258065,1911.0,1.6361301369863013,51.02173913043478,14.956521739130435,0.9565217391304348,0
2025-07-17 10:00:00+09:00,43,0.0465116279069767,0.0909090909090909,0.1590909090909091,0.75,-19.0,-0.0341335333833457,0.0274170274170274,-0.3064516129032258,0.6497779571535912,0.2836620279545454,0.2931253224999999,0.423212646590909,25.63888888888889,923.0,196.0,21.46511627906977,-2156.0,-0.7002273465410848,23.27777777777778,1.8611111111111112,0.5,0
2025-07-17 11:00:00+09:00,35,0.0857142857142857,0.1142857142857142,0.2571428571428571,0.6285714285714286,-8.0,0.039202657807309,0.0233766233766233,-0.1860465116279069,0.4665832606526758,0.3029348577142857,0.31661564,0.3804494899999999,34.52,863.0,400.0,24.65714285714286,-60.0,-0.0650054171180931,28.88,4.72,0.92,0
2025-07-17 12:00:00+09:00,36,0.1388888888888889,0.0833333333333333,0.0555555555555555,0.8611111111111112,1.0,0.0531746031746031,-0.0309523809523809,0.0285714285714285,0.4412101771805384,0.2821082341666667,0.2837228933333333,0.4341688694444443,20.34375,651.0,161.0,18.08333333333333,-212.0,-0.2456546929316338,19.03125,0.46875,0.84375,0
2025-07-17 13:00:00+09:00,79,0.1139240506329113,0.1358024691358024,0.1975308641975308,0.6666666666666666,43.0,-0.0249648382559775,0.0524691358024691,1.1944444444444444,0.3983718327470814,0.2902992462962963,0.2950029691358025,0.4146977837037037,27.895522388059703,1869.0,286.0,23.658227848101262,1218.0,1.870967741935484,20.58208955223881,5.268656716417911,2.044776119402985,0
2025-07-17 14:00:00+09:00,30,0.0666666666666666,0.1612903225806451,0.032258064516129,0.8064516129032258,-49.0,-0.0472573839662447,0.0254878534448426,-0.620253164556962,0.4390169648010464,0.2611844906451613,0.2980425025806452,0.4407729990322582,14.89655172413793,432.0,124.0,14.4,-1437.0,-0.7688603531300161,14.06896551724138,0.5172413793103449,0.3103448275862069,0
2025-07-17 15:00:00+09:00,76,0.1842105263157894,0.0526315789473684,0.25,0.6973684210526315,46.0,0.1175438596491228,-0.1086587436332767,1.5333333333333334,0.3669965414255307,0.2689445730263158,0.308572184868421,0.4224832467105262,31.825396825396822,2005.0,627.0,26.38157894736842,1573.0,3.641203703703704,25.952380952380956,3.8253968253968256,2.0476190476190474,0
2025-07-17 16:00:00+09:00,18,0.0555555555555555,0.1111111111111111,0.1111111111111111,0.7777777777777778,-58.0,-0.1286549707602339,0.0584795321637426,-0.7631578947368421,0.6445930592211274,0.2683018972222222,0.3006942811111111,0.4310038255555555,48.13333333333333,722.0,417.0,40.11111111111112,-1283.0,-0.6399002493765586,16.533333333333335,27.8,3.8,0
2025-07-17 17:00:00+09:00,96,0.1354166666666666,0.0404040404040404,0.1818181818181818,0.7777777777777778,78.0,0.0798611111111111,-0.0707070707070706,4.333333333333333,0.4527876866696817,0.2789686150505051,0.2962363458585858,0.4247950377777779,35.55421686746988,2951.0,519.0,30.73958333333333,2229.0,3.087257617728532,19.36144578313253,15.481927710843374,0.7108433734939759,0
2025-07-17 18:00:00+09:00,8,0.0,0.0,0.125,0.875,-88.0,-0.1354166666666666,-0.0404040404040404,-0.9166666666666666,0.5382635161658982,0.2638624725,0.2936367725,0.44250076625,9.166666666666668,55.0,23.0,6.875,-2896.0,-0.981362250084717,8.333333333333334,0.5,0.3333333333333333,0
2025-07-17 19:00:00+09:00,106,0.0849056603773584,0.0462962962962962,0.2037037037037037,0.75,98.0,0.0849056603773584,0.0462962962962962,12.25,0.5541678289548684,0.2713426185185185,0.3041957254629629,0.4244616574074074,36.73333333333333,3306.0,391.0,31.18867924528302,3251.0,59.10909090909091,28.155555555555555,7.722222222222222,0.8555555555555555,0
2025-07-17 21:00:00+09:00,8,0.125,0.0,0.125,0.875,-98.0,0.0400943396226416,-0.0462962962962962,-0.9245283018867924,0.6987513525964459,0.25607899625,0.2891085224999999,0.4548124987499999,90.83333333333331,545.0,358.0,68.125,-2761.0,-0.8351482153660013,82.16666666666667,5.833333333333333,2.833333333333333,0
2025-07-18 00:00:00+09:00,60,0.0833333333333333,0.0967741935483871,0.064516129032258,0.8387096774193549,52.0,-0.0416666666666667,0.0967741935483871,6.5,0.4591320560017091,0.2770301480645162,0.2873108806451613,0.4356589779032258,49.96153846153847,2598.0,872.0,43.3,2053.0,3.76697247706422,45.23076923076923,4.288461538461538,0.4423076923076923,0
2025-07-18 01:00:00+09:00,33,0.0909090909090909,0.088235294117647,0.2058823529411764,0.7058823529411765,-27.0,0.0075757575757575,-0.00853889943074,-0.45,0.5478558787589839,0.2779063908823529,0.303182664117647,0.4189109388235293,51.18181818181819,1689.0,772.0,51.18181818181818,-909.0,-0.3498845265588914,48.84848484848485,1.878787878787879,0.4545454545454545,0
2025-07-18 02:00:00+09:00,63,0.1269841269841269,0.078125,0.140625,0.78125,30.0,0.0360750360750359,-0.010110294117647,0.9090909090909092,0.3533672782123176,0.29796195234375,0.28226824390625,0.419769801875,10.51063829787234,494.0,303.0,7.841269841269841,-1195.0,-0.7075192421551214,9.893617021276595,0.4468085106382978,0.1702127659574468,0
2025-07-18 03:00:00+09:00,41,0.1951219512195122,0.119047619047619,0.0952380952380952,0.7857142857142857,-22.0,0.0681378242353853,0.040922619047619,-0.3492063492063492,0.4140058099098194,0.2889261223809524,0.2848410183333333,0.4262328657142856,4.612903225806452,143.0,51.0,3.4878048780487805,-351.0,-0.7105263157894737,4.0,0.0967741935483871,0.5161290322580645,0
2025-07-18 04:00:00+09:00,28,0.1071428571428571,0.0714285714285714,0.1785714285714285,0.75,-13.0,-0.0879790940766551,-0.0476190476190476,-0.3170731707317073,0.4769531726529489,0.2916803246428571,0.3042268885714286,0.4040927757142857,0.8947368421052632,17.0,4.0,0.6071428571428571,-126.0,-0.8811188811188811,0.6842105263157895,0.2105263157894736,0.0,0
2025-07-18 05:00:00+09:00,48,0.0208333333333333,0.0612244897959183,0.2040816326530612,0.7346938775510204,20.0,-0.0863095238095238,-0.010204081632653,0.7142857142857143,0.5195781710980536,0.2885684263265306,0.3121085208163265,0.3993230497959183,2.03125,65.0,18.0,1.3541666666666667,48.0,2.823529411764706,1.78125,0.09375,0.15625,0
2025-07-18 06:00:00+09:00,28,0.0357142857142857,0.0714285714285714,0.2142857142857142,0.7142857142857143,-20.0,0.0148809523809523,0.010204081632653,-0.4166666666666667,0.6547298209043221,0.2867484592857143,0.3110959528571428,0.4021555842857143,31.57894736842105,600.0,315.0,21.428571428571427,535.0,8.23076923076923,29.05263157894737,1.894736842105263,0.631578947368421,0
2025-07-18 07:00:00+09:00,48,0.1041666666666666,0.1538461538461538,0.1346153846153846,0.7115384615384616,20.0,0.0684523809523809,0.0824175824175824,0.7142857142857143,0.3920198760192412,0.2799302425,0.2868726713461538,0.4331970871153846,20.625,660.0,122.0,13.75,60.0,0.1,17.90625,1.71875,1.0,0
2025-07-18 08:00:00+09:00,45,0.1111111111111111,0.0625,0.1666666666666666,0.7708333333333334,-3.0,0.0069444444444445,-0.0913461538461538,-0.0625,0.4965002613268249,0.2718354027083333,0.2960252097916667,0.4321393891666666,24.77777777777778,892.0,253.0,19.822222222222223,232.0,0.3515151515151515,23.52777777777778,0.7777777777777778,0.4722222222222222,0
2025-07-18 09:00:00+09:00,48,0.1041666666666666,0.02,0.14,0.84,3.0,-0.0069444444444445,-0.0424999999999999,0.0666666666666666,0.5278904191195033,0.2692450975,0.2877554168,0.4429994902,31.945945945945947,1182.0,821.0,24.625,290.0,0.3251121076233184,9.216216216216216,22.54054054054054,0.1891891891891892,0
2025-07-18 10:00:00+09:00,34,0.1176470588235294,0.0571428571428571,0.2285714285714285,0.7142857142857143,-14.0,0.0134803921568627,0.0371428571428571,-0.2916666666666667,0.490351221981525,0.2772747934285713,0.3046042745714285,0.4181209297142857,33.96551724137931,985.0,612.0,28.97058823529412,-197.0,-0.1666666666666666,32.06896551724138,1.6206896551724137,0.2758620689655172,0
2025-07-18 11:00:00+09:00,66,0.1969696969696969,0.0909090909090909,0.0909090909090909,0.8181818181818182,32.0,0.0793226381461675,0.0337662337662337,0.9411764705882352,0.356867527131478,0.2868606257575757,0.285217441060606,0.4279219422727272,12.122807017543858,691.0,86.0,10.469696969696969,-294.0,-0.2984771573604061,11.298245614035087,0.2280701754385964,0.5964912280701754,0
2025-07-18 12:00:00+09:00,43,0.1627906976744186,0.0681818181818181,0.1590909090909091,0.7727272727272727,-23.0,-0.0341789992952783,-0.0227272727272727,-0.3484848484848485,0.3677904244025493,0.2852847577272727,0.2903872781818182,0.4243279622727272,10.617647058823527,361.0,102.0,8.395348837209303,-330.0,-0.4775687409551374,9.5,0.4117647058823529,0.7058823529411765,0
2025-07-18 13:00:00+09:00,57,0.2280701754385964,0.15,0.1666666666666666,0.6833333333333333,14.0,0.0652794777641778,0.0818181818181818,0.3255813953488372,0.2346808275731746,0.3079204168333333,0.2912441968333333,0.4008353798333332,27.62264150943396,1464.0,359.0,25.68421052631579,1103.0,3.0554016620498614,24.30188679245283,2.792452830188679,0.5283018867924528,0
2025-07-18 14:00:00+09:00,45,0.1333333333333333,0.0869565217391304,0.0869565217391304,0.8260869565217391,-12.0,-0.094736842105263,-0.0630434782608695,-0.2105263157894736,0.4086691356952423,0.2810356276086956,0.2788279667391304,0.4401364128260869,41.860465116279066,1800.0,608.0,40.0,336.0,0.2295081967213114,38.69767441860465,2.2790697674418605,0.8837209302325582,0
2025-07-18 15:00:00+09:00,43,0.0465116279069767,0.2,0.0888888888888888,0.7111111111111111,-2.0,-0.0868217054263566,0.1130434782608695,-0.0444444444444444,0.6535027508623898,0.2864657586666667,0.3058889604444444,0.4076452808888887,28.77777777777778,1036.0,443.0,24.093023255813957,-764.0,-0.4244444444444444,15.416666666666666,12.944444444444445,0.4166666666666667,0
2025-07-18 16:00:00+09:00,25,0.12,0.2,0.12,0.68,-18.0,0.0734883720930233,0.0,-0.4186046511627907,0.3705141922598705,0.2960239568,0.2877105688,0.416265486,27.571428571428573,579.0,211.0,23.16,-457.0,-0.4411196911196911,26.047619047619047,0.9047619047619048,0.6190476190476191,0
2025-07-18 17:00:00+09:00,72,0.0694444444444444,0.1666666666666666,0.0972222222222222,0.7361111111111112,47.0,-0.0505555555555555,-0.0333333333333333,1.88,0.4472106281617825,0.2947218091666666,0.2857165863888889,0.4195615990277777,9.6,624.0,117.0,8.666666666666666,45.0,0.077720207253886,8.707692307692307,0.4615384615384615,0.4307692307692308,0
2025-07-18 18:00:00+09:00,18,0.2222222222222222,0.0555555555555555,0.2222222222222222,0.7222222222222222,-54.0,0.1527777777777778,-0.1111111111111111,-0.75,0.4103839891936837,0.2788409066666666,0.2830781877777778,0.4380808966666666,13.6,204.0,45.0,11.333333333333334,-420.0,-0.6730769230769231,11.8,1.0666666666666669,0.7333333333333333,0
2025-07-18 19:00:00+09:00,77,0.0779220779220779,0.0897435897435897,0.1794871794871795,0.7307692307692307,59.0,-0.1443001443001443,0.0341880341880341,3.2777777777777777,0.4447384813892989,0.286877203076923,0.2965941455128205,0.4165286501282051,14.681159420289855,1013.0,129.0,13.155844155844155,809.0,3.965686274509804,13.405797101449275,0.6811594202898551,0.5942028985507246,0
2025-07-18 20:00:00+09:00,1,0.0,0.0,0.0,1.0,-76.0,-0.0779220779220779,-0.0897435897435897,-0.987012987012987,0.9780943263322116,0.2013089,0.35534054,0.44335058,,0.0,,0.0,-1013.0,-1.0,,,,0
2025-07-18 21:00:00+09:00,36,0.0,0.0,0.25,0.75,35.0,0.0,0.0,35.0,0.664810066874553,0.2627085647222222,0.3140478005555555,0.4232436277777778,25.423076923076923,661.0,164.0,18.36111111111111,661.0,0.0,17.076923076923077,7.769230769230769,0.5769230769230769,0
2025-07-18 23:00:00+09:00,77,0.1558441558441558,0.1265822784810126,0.1518987341772152,0.7215189873417721,41.0,0.1558441558441558,0.1265822784810126,1.1388888888888888,0.3910400984430084,0.283673502278481,0.2973958993670886,0.4189305984810127,8.924242424242424,589.0,90.0,7.64935064935065,-72.0,-0.1089258698940998,7.4393939393939394,0.2424242424242424,1.2424242424242424,0
2025-07-19 00:00:00+09:00,22,0.2272727272727272,0.0454545454545454,0.0909090909090909,0.8636363636363636,-55.0,0.0714285714285714,-0.0811277330264672,-0.7142857142857143,0.4206541214900261,0.2613516022727273,0.2793812913636364,0.4592670977272726,37.75,755.0,581.0,34.31818181818182,166.0,0.2818336162988115,35.75,1.55,0.45,0
2025-07-19 01:00:00+09:00,21,0.1428571428571428,0.0952380952380952,0.1904761904761904,0.7142857142857143,-1.0,-0.0844155844155844,0.0497835497835497,-0.0454545454545454,0.4372588954976805,0.2920010709523809,0.3033824276190476,0.4046165023809523,14.125,226.0,72.0,10.761904761904765,-529.0,-0.7006622516556291,12.4375,1.375,0.3125,0
2025-07-19 02:00:00+09:00,4,0.0,0.0,0.0,1.0,-17.0,-0.1428571428571428,-0.0952380952380952,-0.8095238095238095,0.6817583694937639,0.2420514799999999,0.3295415625,0.428406965,19.333333333333336,58.0,43.0,14.5,-168.0,-0.7433628318584071,18.0,0.6666666666666666,0.6666666666666666,0
2025-07-19 03:00:00+09:00,4,0.25,0.0,0.25,0.75,0.0,0.25,0.0,0.0,0.4803629498346709,0.2724264375,0.32231591,0.4052576675,68.33333333333333,205.0,184.0,51.25,147.0,2.534482758620689,62.66666666666666,4.666666666666667,1.0,0
2025-07-19 04:00:00+09:00,35,0.1428571428571428,0.2285714285714285,0.1428571428571428,0.6285714285714286,31.0,-0.1071428571428572,0.2285714285714285,7.75,0.268714808356682,0.3041591322857142,0.2904188631428571,0.405422014,3.1153846153846154,81.0,20.0,2.3142857142857145,-124.0,-0.6048780487804878,1.9230769230769231,0.4230769230769231,0.7692307692307693,0
2025-07-19 05:00:00+09:00,44,0.1363636363636363,0.0681818181818181,0.2045454545454545,0.7272727272727273,9.0,-0.0064935064935064,-0.1603896103896104,0.2571428571428571,0.3819251126683826,0.2849486224999999,0.2911850793181818,0.4238663,4.972222222222222,179.0,60.0,4.068181818181818,98.0,1.2098765432098766,4.25,0.4166666666666667,0.3055555555555556,0
2025-07-19 06:00:00+09:00,27,0.074074074074074,0.2222222222222222,0.1481481481481481,0.6296296296296297,-17.0,-0.0622895622895623,0.154040404040404,-0.3863636363636363,0.4268203720717726,0.3007629207407408,0.305307614074074,0.3939294655555556,62.05263157894737,1179.0,706.0,43.66666666666666,1000.0,5.58659217877095,48.78947368421053,11.947368421052632,1.3157894736842106,0
2025-07-19 07:00:00+09:00,69,0.1304347826086956,0.0579710144927536,0.1014492753623188,0.8405797101449275,42.0,0.0563607085346215,-0.1642512077294685,1.5555555555555556,0.4113223014991609,0.2739109852173913,0.2893881210144927,0.4367008904347826,14.444444444444445,780.0,292.0,11.304347826086955,-399.0,-0.3384223918575064,7.666666666666667,6.092592592592593,0.6851851851851852,0
2025-07-19 08:00:00+09:00,23,0.1304347826086956,0.1304347826086956,0.1739130434782608,0.6956521739130435,-46.0,0.0,0.072463768115942,-0.6666666666666666,0.5781570194977458,0.2869830591304348,0.2961382395652174,0.416878707826087,91.06666666666666,1366.0,919.0,59.391304347826086,586.0,0.7512820512820513,72.06666666666666,18.73333333333333,0.2666666666666666,0
2025-07-19 09:00:00+09:00,67,0.1194029850746268,0.0735294117647058,0.2058823529411764,0.7205882352941176,44.0,-0.0110317975340687,-0.0569053708439897,1.9130434782608696,0.4905900897420532,0.2777816450000001,0.3016238883823529,0.4205944674999999,15.189655172413792,881.0,168.0,13.149253731343284,-485.0,-0.3550512445095168,11.79310344827586,2.913793103448276,0.4827586206896552,0
2025-07-19 10:00:00+09:00,30,0.0666666666666666,0.064516129032258,0.2258064516129032,0.7096774193548387,-37.0,-0.0527363184079602,-0.0090132827324478,-0.5522388059701493,0.4996199257063469,0.280647059032258,0.3062489693548386,0.4131039770967742,10.037037037037036,271.0,82.0,9.033333333333331,-610.0,-0.6923950056753689,9.555555555555555,0.2592592592592592,0.2222222222222222,0
2025-07-19 11:00:00+09:00,69,0.144927536231884,0.1014492753623188,0.1304347826086956,0.7681159420289855,39.0,0.0782608695652174,0.0369331463300607,1.3,0.4154219290872604,0.2945042563768115,0.2926551182608695,0.4128406208695651,25.327868852459016,1545.0,912.0,22.39130434782609,1274.0,4.701107011070111,24.327868852459016,0.5573770491803278,0.4426229508196721,0
2025-07-19 12:00:00+09:00,21,0.0952380952380952,0.1363636363636363,0.1363636363636363,0.7272727272727273,-48.0,-0.0496894409937888,0.0349143610013175,-0.6956521739130435,0.5867084243377163,0.2800287009090909,0.3110575204545454,0.4089137813636363,15.166666666666666,273.0,57.0,13.0,-1272.0,-0.8233009708737864,13.333333333333334,0.2222222222222222,1.6111111111111112,0
2025-07-19 13:00:00+09:00,62,0.0806451612903225,0.09375,0.171875,0.734375,41.0,-0.0145929339477727,-0.0426136363636363,1.9523809523809523,0.4517885077639221,0.28537473171875,0.2934925075,0.42113275875,16.857142857142858,944.0,283.0,15.225806451612904,671.0,2.457875457875458,13.821428571428571,2.5892857142857144,0.4464285714285714,0
2025-07-19 14:00:00+09:00,31,0.1290322580645161,0.0,0.2121212121212121,0.7878787878787878,-31.0,0.0483870967741936,-0.09375,-0.5,0.3892919474076762,0.2753547684848484,0.3035167263636363,0.4211285027272727,12.166666666666668,292.0,103.0,9.419354838709678,-652.0,-0.690677966101695,7.0,4.541666666666667,0.625,0
2025-07-19 15:00:00+09:00,77,0.1428571428571428,0.1282051282051282,0.1282051282051282,0.7435897435897436,46.0,0.0138248847926266,0.1282051282051282,1.4838709677419355,0.4867366388975942,0.2817962203846153,0.2981707961538462,0.420032983076923,14.059701492537313,942.0,166.0,12.233766233766234,650.0,2.2260273972602738,13.26865671641791,0.3582089552238806,0.4328358208955223,0
2025-07-19 16:00:00+09:00,9,0.2222222222222222,0.1111111111111111,0.1111111111111111,0.7777777777777778,-68.0,0.0793650793650794,-0.017094017094017,-0.8831168831168831,0.2679430768928594,0.2939572733333333,0.2845404688888889,0.4215022522222222,13.666666666666668,123.0,25.0,13.666666666666666,-819.0,-0.8694267515923567,12.555555555555555,0.3333333333333333,0.7777777777777778,0
2025-07-19 17:00:00+09:00,38,0.0526315789473684,0.1,0.275,0.625,29.0,-0.1695906432748538,-0.0111111111111111,3.2222222222222223,0.4979772541366402,0.28657680575,0.31536506425,0.39805813325,32.3448275862069,938.0,220.0,24.68421052631579,815.0,6.626016260162602,30.20689655172414,1.7241379310344829,0.4137931034482758,0
2025-07-19 18:00:00+09:00,1,0.0,0.0,0.0,1.0,-37.0,-0.0526315789473684,-0.1,-0.9736842105263158,0.9799850712297484,0.29809925,0.3450284,0.35687238,,0.0,,0.0,-938.0,-1.0,,,,0
2025-07-19 19:00:00+09:00,95,0.1052631578947368,0.1134020618556701,0.268041237113402,0.6185567010309279,94.0,0.1052631578947368,0.1134020618556701,94.0,0.49884679291959,0.283130195257732,0.3158534948453608,0.40101631185567,24.97435897435897,1948.0,316.0,20.50526315789474,1948.0,0.0,15.551282051282053,8.846153846153847,0.5769230769230769,0
2025-07-19 21:00:00+09:00,88,0.0909090909090909,0.1022727272727272,0.1931818181818181,0.7045454545454546,-7.0,-0.0143540669856458,-0.0111293345829428,-0.0736842105263157,0.5682531959319023,0.2879935680681818,0.3060945188636363,0.40591191625,32.4054054054054,2398.0,547.0,27.25,450.0,0.231006160164271,26.97297297297297,5.148648648648648,0.2837837837837837,0
2025-07-19 23:00:00+09:00,110,0.1454545454545454,0.0818181818181818,0.1272727272727272,0.7909090909090909,22.0,0.0545454545454544,-0.0204545454545454,0.25,0.486708519784522,0.2861846785454545,0.2949542423636364,0.4188610865454545,21.21052631578948,2015.0,404.0,18.318181818181817,-383.0,-0.1597164303586322,19.978947368421053,0.8210526315789474,0.4105263157894737,0
