timestamp,volume,negative_rate,stance_against_rate,stance_favor_rate,stance_neutral_rate,delta_volume,delta_negative_rate,delta_against_rate,delta_volume_rate,sentiment_avg_score,stance_against_mean,stance_favor_mean,stance_neutral_mean,is_controversy,topic,flame_score,against_count,sentiment_polarity
2023-03-19 01:00:00+09:00,93,0.1075268817204301,0.34,0.15,0.51,0.0,0.0,0.0,0.0,0.3434540023450972,0.3298569695,0.2992199792,0.3709230428,0,WBC,9.999999999999998,31.62,0.19000000000000003
2023-03-19 02:00:00+09:00,23,0.1304347826086956,0.5,0.0416666666666666,0.4583333333333333,-70.0,0.0229079008882654,0.1599999999999999,-0.7526881720430108,0.2793259966856568,0.33523756625,0.2806074087499999,0.3841550308333333,0,WBC,2.9999999999999987,11.5,0.45833333333333337
2023-03-19 03:00:00+09:00,56,0.0714285714285714,0.5178571428571429,0.2142857142857142,0.2678571428571428,33.0,-0.0590062111801241,0.0178571428571429,1.434782608695652,0.3256953146441707,0.3562149332142857,0.3150676439285714,0.3287174219642857,0,WBC,3.9999999999999982,29.000000000000004,0.3035714285714287
2023-03-19 04:00:00+09:00,3,0.3333333333333333,0.3333333333333333,0.0,0.6666666666666666,-53.0,0.2619047619047619,-0.1845238095238096,-0.9464285714285714,0.131532077716353,0.3192987066666666,0.2579089033333333,0.4227923633333333,0,WBC,1.0,1.0,0.3333333333333333
2023-03-19 05:00:00+09:00,70,0.0857142857142857,0.3333333333333333,0.1527777777777778,0.5138888888888888,67.0,-0.2476190476190476,0.0,22.33333333333333,0.3199702989934141,0.3240124981944444,0.2933300740277778,0.3826574261111111,0,WBC,5.999999999999999,23.333333333333332,0.18055555555555552
2023-03-19 07:00:00+09:00,84,0.119047619047619,0.4712643678160919,0.1264367816091954,0.4022988505747126,14.0,0.0333333333333333,0.1379310344827586,0.2,0.2497146120067451,0.332974545862069,0.3021123424137931,0.3649131081609195,0,WBC,9.999999999999996,39.586206896551715,0.34482758620689646
2023-03-19 09:00:00+09:00,93,0.075268817204301,0.3936170212765957,0.1382978723404255,0.4680851063829787,9.0,-0.043778801843318,-0.0776473465394961,0.1071428571428571,0.4392696245383977,0.3351961182978724,0.2925036682978724,0.3723002075531914,0,WBC,6.999999999999993,36.6063829787234,0.2553191489361702
2023-03-19 13:00:00+09:00,96,0.0625,0.3265306122448979,0.1428571428571428,0.5306122448979592,3.0,-0.0127688172043009,-0.0670864090316978,0.032258064516129,0.3349787370160422,0.3239809897959184,0.2861834940816326,0.3898355127551021,0,WBC,6.0,31.346938775510196,0.18367346938775508
2023-03-19 15:00:00+09:00,77,0.0649350649350649,0.3580246913580246,0.1111111111111111,0.5308641975308642,-19.0,0.0024350649350649,0.0314940791131267,-0.1979166666666666,0.4419554727882101,0.3333599992592592,0.2768145446913581,0.3898254585185185,0,WBC,4.999999999999997,27.567901234567895,0.2469135802469135
2023-03-19 17:00:00+09:00,89,0.1123595505617977,0.2777777777777778,0.1,0.6222222222222222,12.0,0.0474244856267327,-0.0802469135802468,0.1558441558441558,0.2752814531869566,0.3081007804444444,0.2821914978888888,0.409707716111111,0,WBC,9.999999999999995,24.722222222222225,0.17777777777777778
2023-03-19 19:00:00+09:00,81,0.074074074074074,0.3132530120481928,0.180722891566265,0.5060240963855421,-8.0,-0.0382854764877236,0.0354752342704149,-0.0898876404494382,0.3934392059075994,0.3260971759036145,0.2941372301204819,0.3797655914457831,0,WBC,5.999999999999994,25.373493975903614,0.13253012048192778
2023-03-19 21:00:00+09:00,100,0.08,0.3465346534653465,0.1386138613861386,0.5148514851485149,19.0,0.005925925925926,0.0332816414171537,0.2345679012345679,0.3586710127333345,0.3231976024752475,0.2881651236633663,0.3886372796039603,0,WBC,8.0,34.65346534653465,0.2079207920792079
2023-03-19 23:00:00+09:00,17,0.0588235294117647,0.3888888888888889,0.2777777777777778,0.3333333333333333,-83.0,-0.0211764705882353,0.0423542354235423,-0.83,0.5441006104552394,0.3057837755555555,0.3125929327777778,0.3816232877777777,0,WBC,0.9999999999999999,6.611111111111112,0.1111111111111111
2023-03-20 00:00:00+09:00,1,0.0,0.0,0.0,1.0,-16.0,-0.0588235294117647,-0.3888888888888889,-0.9411764705882352,-0.0448262020945549,0.28577796,0.20293242,0.5112896,0,WBC,0.0,0.0,0.0
2023-03-20 01:00:00+09:00,89,0.0337078651685393,0.5111111111111111,0.1222222222222222,0.3666666666666666,88.0,0.0337078651685393,0.5111111111111111,88.0,0.4058036828335996,0.354376424,0.2916309795555555,0.3539925897777777,0,WBC,2.9999999999999973,45.48888888888889,0.38888888888888884
2023-03-20 02:00:00+09:00,5,0.0,0.0,0.6,0.4,-84.0,-0.0337078651685393,-0.5111111111111111,-0.9438202247191012,0.4124450646340847,0.32277805,0.336354728,0.34086722,0,WBC,0.0,0.0,-0.6
2023-03-20 03:00:00+09:00,102,0.0490196078431372,0.5480769230769231,0.1634615384615384,0.2884615384615384,97.0,0.0490196078431372,0.5480769230769231,19.4,0.4133489956282294,0.3578299241346154,0.3020733733653846,0.3400967059615384,0,WBC,4.999999999999995,55.90384615384616,0.3846153846153847
2023-03-20 04:00:00+09:00,2,0.0,0.0,1.0,0.0,-100.0,-0.0490196078431372,-0.5480769230769231,-0.9803921568627452,0.4561353501630947,0.332189415,0.3694703499999999,0.298340275,0,WBC,0.0,0.0,-1.0
2023-03-20 05:00:00+09:00,80,0.025,0.3571428571428571,0.119047619047619,0.5238095238095238,78.0,0.025,0.3571428571428571,39.0,0.4720875745842932,0.3247075222619048,0.3012877092857143,0.3740047658333333,0,WBC,2.0,28.57142857142857,0.23809523809523808
2023-03-20 07:00:00+09:00,83,0.072289156626506,0.3253012048192771,0.108433734939759,0.5662650602409639,3.0,0.0472891566265059,-0.03184165232358,0.0375,0.4719692608166251,0.3061707869879518,0.2944623304819277,0.3993668784337349,0,WBC,5.999999999999997,27.0,0.2168674698795181
2023-03-20 09:00:00+09:00,100,0.12,0.3689320388349514,0.116504854368932,0.5145631067961165,17.0,0.047710843373494,0.0436308340156743,0.2048192771084337,0.3502605417969374,0.3276257048543689,0.286323895145631,0.3860504012621358,0,WBC,12.0,36.89320388349514,0.2524271844660194
2023-03-20 11:00:00+09:00,99,0.0606060606060606,0.2912621359223301,0.203883495145631,0.5048543689320388,-1.0,-0.0593939393939393,-0.0776699029126213,-0.01,0.3734564969171454,0.3307647886407767,0.3020916545631067,0.3671435519417476,0,WBC,5.999999999999999,28.834951456310677,0.08737864077669907
2023-03-20 13:00:00+09:00,77,0.0909090909090909,0.2278481012658227,0.1392405063291139,0.6329113924050633,-22.0,0.0303030303030302,-0.0634140346565073,-0.2222222222222222,0.3977902436295901,0.3096015521518987,0.2842177169620253,0.4061807281012658,0,WBC,6.999999999999999,17.54430379746835,0.0886075949367088
2023-03-20 17:00:00+09:00,76,0.0921052631578947,0.2125,0.125,0.6625,-1.0,0.0011961722488038,-0.0153481012658227,-0.0129870129870129,0.4512508578845883,0.307619162625,0.284972539,0.407408295875,0,WBC,6.999999999999997,16.15,0.0875
2023-03-20 19:00:00+09:00,86,0.1046511627906976,0.1363636363636363,0.1136363636363636,0.75,10.0,0.0125458996328028,-0.0761363636363636,0.131578947368421,0.3845284559502033,0.2966197879545454,0.2768291894318181,0.4265510295454545,0,WBC,8.999999999999993,11.727272727272721,0.022727272727272693
2023-03-20 21:00:00+09:00,102,0.1568627450980392,0.1844660194174757,0.0776699029126213,0.7378640776699029,16.0,0.0522115823073416,0.0481023830538393,0.1860465116279069,0.2933285017249183,0.3005901928155339,0.2759431504854369,0.4234666560194174,0,WBC,16.0,18.815533980582522,0.1067961165048544
2023-03-20 23:00:00+09:00,96,0.125,0.2857142857142857,0.0714285714285714,0.6428571428571429,-6.0,-0.0318627450980392,0.1012482662968099,-0.0588235294117647,0.3951553775636688,0.3121503053061225,0.2759476785714286,0.4119020194897959,0,WBC,12.0,27.428571428571427,0.2142857142857143
2023-03-21 01:00:00+09:00,67,0.0895522388059701,0.2898550724637681,0.144927536231884,0.5652173913043478,-29.0,-0.0354477611940299,0.0041407867494824,-0.3020833333333333,0.3733232945197033,0.3155472936231884,0.2960742733333333,0.3883784327536231,0,WBC,5.9999999999999964,19.420289855072465,0.14492753623188412
2023-03-21 05:00:00+09:00,74,0.0405405405405405,0.1578947368421052,0.0921052631578947,0.75,7.0,-0.0490116982654296,-0.1319603356216628,0.1044776119402985,0.7199418609456381,0.2706482885526315,0.2790216140789474,0.4503300930263158,0,WBC,2.999999999999997,11.684210526315784,0.0657894736842105
2023-03-21 07:00:00+09:00,109,0.091743119266055,0.2053571428571428,0.0625,0.7321428571428571,35.0,0.0512025787255144,0.0474624060150375,0.4729729729729729,0.4830577342269992,0.3074358133928571,0.2775509541964286,0.415013235892857,0,WBC,9.999999999999995,22.383928571428566,0.1428571428571428
2023-03-21 09:00:00+09:00,115,0.1826086956521739,0.2542372881355932,0.0254237288135593,0.7203389830508474,6.0,0.0908655763861189,0.0488801452784503,0.055045871559633,0.272875847300846,0.3140907503389831,0.2607466935169492,0.4251625542372882,0,WBC,21.0,29.237288135593218,0.2288135593220339
2023-03-21 11:00:00+09:00,110,0.0636363636363636,0.1949152542372881,0.0847457627118644,0.7203389830508474,-5.0,-0.1189723320158103,-0.059322033898305,-0.0434782608695652,0.6481420202925605,0.3035415363559322,0.2791326494915254,0.4173258174576271,0,WBC,6.9999999999999964,21.44067796610169,0.11016949152542369
2023-03-21 13:00:00+09:00,25,0.08,0.2692307692307692,0.1538461538461538,0.5769230769230769,-85.0,0.0163636363636364,0.074315514993481,-0.7727272727272727,0.5659736165320143,0.3070995653846153,0.2919678961538462,0.4009325430769231,0,WBC,2.0,6.730769230769231,0.11538461538461542
2023-03-21 17:00:00+09:00,83,0.1686746987951807,0.1123595505617977,0.0449438202247191,0.8426966292134831,58.0,0.0886746987951807,-0.1568712186689714,2.32,0.3724908449012117,0.2892052179775281,0.2757137374157303,0.4350810406741573,0,WBC,13.999999999999998,9.32584269662921,0.0674157303370786
2023-03-21 19:00:00+09:00,93,0.064516129032258,0.2291666666666666,0.1041666666666666,0.6666666666666666,10.0,-0.1041585697629227,0.1168071161048689,0.1204819277108433,0.5009066904179539,0.3074304398958333,0.2925011363541667,0.4000684240625,0,WBC,5.999999999999994,21.312499999999993,0.125
2023-03-21 21:00:00+09:00,72,0.0972222222222222,0.125,0.0833333333333333,0.7916666666666666,-21.0,0.0327060931899642,-0.1041666666666666,-0.2258064516129032,0.5389577580111412,0.2956805290277778,0.2684863788888889,0.435833095,0,WBC,6.999999999999998,9.0,0.0416666666666667
2023-03-21 23:00:00+09:00,89,0.146067415730337,0.1758241758241758,0.0879120879120879,0.7362637362637363,17.0,0.0488451935081147,0.0508241758241758,0.2361111111111111,0.4726047752550445,0.2971007628571429,0.2689353517582418,0.4339638857142857,0,WBC,12.999999999999993,15.648351648351648,0.0879120879120879
2023-03-22 01:00:00+09:00,89,0.0786516853932584,0.3258426966292135,0.0898876404494382,0.5842696629213483,0.0,-0.0674157303370786,0.1500185208050376,0.0,0.4342974810442479,0.3170471733707865,0.2805401886516854,0.4024126305617976,0,WBC,6.999999999999997,29.0,0.2359550561797753
2023-03-22 03:00:00+09:00,104,0.0673076923076923,0.3619047619047619,0.0952380952380952,0.5428571428571428,15.0,-0.011343993085566,0.0360620652755483,0.1685393258426966,0.4376207141216756,0.3247651328571428,0.2849496056190476,0.3902852573333333,0,WBC,7.0,37.63809523809524,0.2666666666666667
2023-03-22 05:00:00+09:00,72,0.0555555555555555,0.0684931506849315,0.0684931506849315,0.863013698630137,-32.0,-0.0117521367521368,-0.2934116112198304,-0.3076923076923077,0.705726824322084,0.2798780673972603,0.2837859776712328,0.4363359590410959,0,WBC,3.9999999999999956,4.931506849315069,0.0
2023-03-22 07:00:00+09:00,96,0.03125,0.09375,0.0833333333333333,0.8229166666666666,24.0,-0.0243055555555554,0.0252568493150684,0.3333333333333333,0.6658618482379098,0.2941219617708333,0.2886005888541667,0.4172774446875,0,WBC,3.0,9.0,0.010416666666666699
2023-03-22 09:00:00+09:00,103,0.1067961165048543,0.2336448598130841,0.0560747663551401,0.7102803738317757,7.0,0.0755461165048543,0.1398948598130841,0.0729166666666666,0.330359255298798,0.3108855461682243,0.2683842590654205,0.4207301942990654,0,WBC,10.999999999999993,24.065420560747665,0.177570093457944
2023-03-22 11:00:00+09:00,109,0.073394495412844,0.2545454545454545,0.1454545454545454,0.6,6.0,-0.0334016210920102,0.0209005947323704,0.058252427184466,0.5934881305692464,0.3203228416363635,0.2877636403636363,0.3919135245454545,0,WBC,7.999999999999996,27.745454545454542,0.10909090909090913
2023-03-22 13:00:00+09:00,24,0.0833333333333333,0.125,0.0833333333333333,0.7916666666666666,-85.0,0.0099388379204893,-0.1295454545454545,-0.7798165137614679,0.6583697871295348,0.3032167954166666,0.2777819358333333,0.4190012666666667,0,WBC,1.9999999999999991,3.0,0.0416666666666667
2023-03-22 15:00:00+09:00,90,0.0777777777777777,0.1538461538461538,0.1758241758241758,0.6703296703296703,66.0,-0.0055555555555556,0.0288461538461538,2.75,0.5961285708612856,0.3009174942857143,0.2805687126373626,0.4185137958241758,0,WBC,6.999999999999993,13.846153846153841,-0.02197802197802201
2023-03-22 17:00:00+09:00,79,0.1012658227848101,0.1463414634146341,0.1341463414634146,0.7195121951219512,-11.0,0.0234880450070324,-0.0075046904315197,-0.1222222222222222,0.5173113219292335,0.3015522125609756,0.2834359245121951,0.4150118668292683,0,WBC,7.999999999999997,11.560975609756095,0.012195121951219523
2023-03-22 19:00:00+09:00,90,0.1222222222222222,0.1868131868131868,0.0989010989010989,0.7142857142857143,11.0,0.0209563994374121,0.0404717233985526,0.1392405063291139,0.4759131941591277,0.2948912819780219,0.2800573259340659,0.4250513936263735,0,WBC,10.999999999999998,16.81318681318681,0.08791208791208789
2023-03-22 21:00:00+09:00,112,0.0982142857142857,0.1826086956521739,0.0869565217391304,0.7304347826086957,22.0,-0.0240079365079365,-0.0042044911610129,0.2444444444444444,0.5102175703024209,0.3106773867826087,0.2770248386086956,0.4122977729565217,0,WBC,10.999999999999998,20.452173913043477,0.09565217391304351
2023-03-22 23:00:00+09:00,86,0.0581395348837209,0.2790697674418604,0.1162790697674418,0.6046511627906976,-26.0,-0.0400747508305648,0.0964610717896865,-0.2321428571428571,0.627943799081042,0.3110891041860465,0.2826240179069767,0.406286871627907,0,WBC,4.999999999999997,23.999999999999996,0.16279069767441862
2023-03-23 01:00:00+09:00,86,0.0581395348837209,0.2954545454545454,0.125,0.5795454545454546,0.0,0.0,0.016384778012685,0.0,0.5181569215227765,0.3166490089772727,0.286440262840909,0.3969107311363636,0,WBC,4.999999999999997,25.409090909090907,0.17045454545454541
2023-03-23 03:00:00+09:00,49,0.1428571428571428,0.28,0.1,0.62,-37.0,0.0847176079734219,-0.0154545454545454,-0.4302325581395348,0.4036786575987936,0.3177362028,0.2857401754,0.3965236286,0,WBC,6.9999999999999964,13.72,0.18000000000000002
2023-03-23 05:00:00+09:00,72,0.0416666666666666,0.1688311688311688,0.0779220779220779,0.7532467532467533,23.0,-0.1011904761904761,-0.1111688311688312,0.4693877551020408,0.6332627488269967,0.2796151464935065,0.2835467531168831,0.4368380946753246,0,WBC,2.9999999999999956,12.155844155844154,0.0909090909090909
2023-03-23 07:00:00+09:00,39,0.0769230769230769,0.0,0.1395348837209302,0.8604651162790697,-33.0,0.0352564102564103,-0.1688311688311688,-0.4583333333333333,0.5423791641775563,0.2637659141860465,0.2856670844186046,0.4505669974418605,0,WBC,2.999999999999999,0.0,-0.1395348837209302
2023-03-23 09:00:00+09:00,78,0.1282051282051282,0.1375,0.15,0.7125,39.0,0.0512820512820512,0.1375,1.0,0.4179522615813766,0.295749588,0.280650631625,0.423599779625,0,WBC,10.0,10.725000000000001,-0.012499999999999983
2023-03-23 11:00:00+09:00,72,0.1388888888888889,0.2763157894736842,0.1052631578947368,0.618421052631579,-6.0,0.0106837606837607,0.1388157894736842,-0.0769230769230769,0.3667228637940226,0.3130816930263158,0.2911596452631578,0.3957586639473684,0,WBC,10.0,19.89473684210526,0.1710526315789474
2023-03-23 13:00:00+09:00,91,0.1098901098901098,0.2747252747252747,0.1208791208791208,0.6043956043956044,19.0,-0.028998778998779,-0.0015905147484094,0.2638888888888889,0.3752258216711478,0.3127756903296703,0.2829522217582417,0.4042720894505494,0,WBC,9.999999999999993,24.999999999999996,0.1538461538461539
2023-03-23 15:00:00+09:00,83,0.144578313253012,0.1477272727272727,0.1931818181818181,0.6590909090909091,-8.0,0.0346882033629021,-0.126998001998002,-0.0879120879120879,0.3772548851570305,0.3052498194318181,0.2902211645454545,0.40452901375,0,WBC,11.999999999999995,12.261363636363635,-0.045454545454545386
2023-03-23 17:00:00+09:00,81,0.1111111111111111,0.264367816091954,0.1264367816091954,0.6091954022988506,-2.0,-0.0334672021419008,0.1166405433646813,-0.0240963855421686,0.3251914424071057,0.3171008918390804,0.279678588045977,0.4032205191954023,0,WBC,9.0,21.41379310344827,0.1379310344827586
2023-03-23 19:00:00+09:00,86,0.127906976744186,0.247191011235955,0.0898876404494382,0.6629213483146067,5.0,0.0167958656330748,-0.0171768048559989,0.0617283950617283,0.3337973427234134,0.304885418764045,0.2680202074157304,0.4270943765168539,0,WBC,10.999999999999996,21.25842696629213,0.1573033707865168
2023-03-23 21:00:00+09:00,93,0.1182795698924731,0.3061224489795918,0.1224489795918367,0.5714285714285714,7.0,-0.0096274068517129,0.0589314377436367,0.0813953488372093,0.3660997498266123,0.3217210655102041,0.285887615,0.3923913183673469,0,WBC,10.999999999999998,28.469387755102037,0.18367346938775508
2023-03-23 23:00:00+09:00,103,0.1067961165048543,0.3009708737864077,0.174757281553398,0.5242718446601942,10.0,-0.0114834533876188,-0.005151575193184,0.1075268817204301,0.4265869428161803,0.3161280457281554,0.2848036653398059,0.3990682865048544,0,WBC,10.999999999999993,30.999999999999993,0.12621359223300968
2023-03-24 01:00:00+09:00,20,0.0,0.3,0.15,0.55,-83.0,-0.1067961165048543,-0.0009708737864077,-0.8058252427184466,0.4259014028182719,0.3237055325,0.2811153655,0.3951791085,0,WBC,0.0,6.0,0.15
2023-03-24 03:00:00+09:00,86,0.1046511627906976,0.4418604651162791,0.1860465116279069,0.3720930232558139,66.0,0.1046511627906976,0.1418604651162791,3.3,0.3767677714214335,0.3449195245348837,0.305380780116279,0.3496996898837209,0,WBC,8.999999999999993,38.0,0.2558139534883722
2023-03-24 05:00:00+09:00,80,0.0875,0.3214285714285714,0.1071428571428571,0.5714285714285714,-6.0,-0.0171511627906976,-0.1204318936877076,-0.0697674418604651,0.4500029346603523,0.3166949370238096,0.2882913421428571,0.3950137158333333,0,WBC,7.0,25.71428571428571,0.2142857142857143
2023-03-24 07:00:00+09:00,90,0.1222222222222222,0.2872340425531915,0.1382978723404255,0.574468085106383,10.0,0.0347222222222222,-0.0341945288753799,0.125,0.3986885356741581,0.309454999893617,0.2823443062765957,0.4082006919148935,0,WBC,10.999999999999998,25.851063829787236,0.148936170212766
2023-03-24 09:00:00+09:00,84,0.0833333333333333,0.2068965517241379,0.1264367816091954,0.6666666666666666,-6.0,-0.0388888888888889,-0.0803374908290535,-0.0666666666666666,0.467084665637565,0.3035056879310344,0.2853814159770115,0.4111128979310344,0,WBC,6.999999999999997,17.379310344827584,0.08045977011494251
2023-03-24 11:00:00+09:00,87,0.1149425287356321,0.3181818181818182,0.0909090909090909,0.5909090909090909,3.0,0.0316091954022988,0.1112852664576802,0.0357142857142857,0.329220520723373,0.3256971206818181,0.2800854063636363,0.3942174706818182,0,WBC,9.999999999999993,27.68181818181818,0.2272727272727273
2023-03-24 13:00:00+09:00,98,0.1428571428571428,0.2929292929292929,0.1616161616161616,0.5454545454545454,11.0,0.0279146141215106,-0.0252525252525252,0.1264367816091954,0.3648623969262428,0.3197491661616161,0.2868604538383838,0.3933903816161616,0,WBC,13.999999999999993,28.707070707070702,0.13131313131313127
2023-03-24 15:00:00+09:00,96,0.1041666666666666,0.1919191919191919,0.1414141414141414,0.6666666666666666,-2.0,-0.0386904761904761,-0.101010101010101,-0.0204081632653061,0.3901183891434674,0.312392765959596,0.2809693342424242,0.4066379034343433,0,WBC,9.999999999999993,18.424242424242422,0.0505050505050505
2023-03-24 17:00:00+09:00,82,0.1707317073170731,0.2289156626506024,0.1686746987951807,0.6024096385542169,-14.0,0.0665650406504065,0.0369964707314104,-0.1458333333333333,0.3707270045604849,0.2992106267469879,0.2922770273493976,0.4085123524096385,0,WBC,13.999999999999995,18.771084337349397,0.060240963855421686
2023-03-24 19:00:00+09:00,95,0.1157894736842105,0.231578947368421,0.1578947368421052,0.6105263157894737,13.0,-0.0549422336328626,0.0026632847178186,0.1585365853658536,0.3692198956520052,0.3203957388421052,0.2769785221052631,0.4026257359999999,0,WBC,10.999999999999996,21.999999999999993,0.0736842105263158
2023-03-24 21:00:00+09:00,98,0.1632653061224489,0.24,0.11,0.65,3.0,0.0474758324382384,0.0084210526315789,0.031578947368421,0.2599769100954291,0.3059053603,0.2748829221,0.4192117189,0,WBC,15.999999999999993,23.52,0.13
2022-12-01 00:00:00+09:00,1,0.0,1.0,0.0,0.0,0.0,0.0,0.0,0.0,-0.1485902294516564,0.4143502,0.22590855,0.35974127,0,三苫,0.0,1.0,1.0
2022-12-01 02:00:00+09:00,2,0.0,1.0,0.0,0.0,1.0,0.0,0.0,1.0,0.2101839641109109,0.3840487,0.28875401,0.32719732,0,三苫,0.0,2.0,1.0
2022-12-01 05:00:00+09:00,1,0.0,0.0,0.0,1.0,-1.0,0.0,-1.0,-0.5,0.9812727801036092,0.25344583,0.2689106,0.47764355,0,三苫,0.0,0.0,0.0
2022-12-01 06:00:00+09:00,3,0.0,0.3333333333333333,0.0,0.6666666666666666,2.0,0.0,0.3333333333333333,2.0,0.6597350404287379,0.3415082399999999,0.18895486,0.4695368766666667,0,三苫,0.0,1.0,0.3333333333333333
2022-12-01 08:00:00+09:00,2,0.0,0.3333333333333333,0.0,0.6666666666666666,-1.0,0.0,0.0,-0.3333333333333333,0.4323576449727019,0.29984753,0.2611685266666666,0.4389839499999999,0,三苫,0.0,0.6666666666666666,0.3333333333333333
2022-12-01 09:00:00+09:00,1,0.0,1.0,0.0,0.0,-1.0,0.0,0.6666666666666667,-0.5,-0.0959854796528816,0.4031674,0.2797407,0.3170919,0,三苫,0.0,1.0,1.0
2022-12-01 10:00:00+09:00,1,0.0,1.0,0.0,0.0,0.0,0.0,0.0,0.0,0.0438340529799462,0.36302665,0.3266399,0.31033343,0,三苫,0.0,1.0,1.0
2022-12-01 11:00:00+09:00,3,0.3333333333333333,0.0,0.0,1.0,2.0,0.3333333333333333,-1.0,2.0,0.2491447784317036,0.2696772933333333,0.21368727,0.5166354200000001,0,三苫,1.0,0.0,0.0
2022-12-01 12:00:00+09:00,5,0.2,0.6,0.0,0.4,2.0,-0.1333333333333333,0.6,0.6666666666666666,0.2020072827348485,0.366112292,0.26313988,0.370747818,0,三苫,1.0,3.0,0.6
2022-12-01 13:00:00+09:00,5,0.2,0.0,0.0,1.0,0.0,0.0,-0.6,0.0,0.35840853783302,0.2918227379999999,0.187807776,0.520369494,0,三苫,1.0,0.0,0.0
2022-12-01 14:00:00+09:00,1,0.0,0.0,0.0,1.0,-4.0,-0.2,0.0,-0.8,0.3412812016904355,0.2529882,0.22187883,0.52513295,0,三苫,0.0,0.0,0.0
2022-12-01 15:00:00+09:00,3,0.0,0.3333333333333333,0.0,0.6666666666666666,2.0,0.0,0.3333333333333333,2.0,0.7335036946072554,0.2894957266666667,0.25137784,0.4591264433333333,0,三苫,0.0,1.0,0.3333333333333333
2022-12-01 16:00:00+09:00,4,0.25,0.25,0.0,0.75,1.0,0.25,-0.0833333333333333,0.3333333333333333,0.32235422055237,0.292241555,0.2438146975,0.46394377,0,三苫,1.0,1.0,0.25
2022-12-01 17:00:00+09:00,8,0.25,0.25,0.0,0.75,4.0,0.0,0.0,1.0,-0.0355088066717144,0.32381566125,0.23096730375,0.44521703375,0,三苫,2.0,2.0,0.25
2022-12-01 18:00:00+09:00,8,0.125,0.5,0.0,0.5,0.0,-0.125,0.25,0.0,0.1565078578714747,0.36907381875,0.2381744599999999,0.3927517125,0,三苫,1.0,4.0,0.5
2022-12-01 19:00:00+09:00,5,0.0,0.4,0.0,0.6,-3.0,-0.125,-0.0999999999999999,-0.375,0.3059315126389265,0.3427168459999999,0.218534612,0.438748526,0,三苫,0.0,2.0,0.4
2022-12-01 20:00:00+09:00,6,0.0,0.1428571428571428,0.0,0.8571428571428571,1.0,0.0,-0.2571428571428572,0.2,0.4051782248009529,0.2910607185714285,0.2601824214285714,0.4487568757142857,0,三苫,0.0,0.8571428571428568,0.1428571428571428
2022-12-01 21:00:00+09:00,11,0.0909090909090909,0.3636363636363636,0.0,0.6363636363636364,5.0,0.0909090909090909,0.2207792207792208,0.8333333333333334,0.3358450537886133,0.3306076209090909,0.2684838618181818,0.4009085145454545,0,三苫,0.9999999999999999,3.9999999999999996,0.3636363636363636
2022-12-01 22:00:00+09:00,8,0.125,0.25,0.0,0.75,-3.0,0.0340909090909091,-0.1136363636363636,-0.2727272727272727,0.5043398424750194,0.3164643275,0.2756974175,0.40783827,0,三苫,1.0,2.0,0.25
2022-12-01 23:00:00+09:00,14,0.0714285714285714,0.1428571428571428,0.0,0.8571428571428571,6.0,-0.0535714285714286,-0.1071428571428571,0.75,0.5353222676453048,0.296645565,0.2503264092857143,0.4530280235714286,0,三苫,0.9999999999999996,1.9999999999999991,0.1428571428571428
2022-12-02 21:00:00+09:00,11,0.2727272727272727,0.1818181818181818,0.0,0.8181818181818182,-3.0,0.2012987012987013,0.0389610389610389,-0.2142857142857142,0.2055286396167834,0.3141635045454545,0.2416193590909091,0.44421714,0,三苫,3.0,1.9999999999999998,0.1818181818181818
2022-12-02 22:00:00+09:00,66,0.1212121212121212,0.1666666666666666,0.0606060606060606,0.7727272727272727,55.0,-0.1515151515151515,-0.0151515151515151,5.0,0.4360605003541533,0.3061174819696969,0.2456123689393939,0.4482701521212121,0,三苫,7.999999999999999,10.999999999999996,0.106060606060606
2022-12-02 23:00:00+09:00,39,0.1025641025641025,0.282051282051282,0.0256410256410256,0.6923076923076923,-27.0,-0.0186480186480186,0.1153846153846153,-0.4090909090909091,0.3936520133268996,0.3190600053846154,0.2500640187179487,0.4308759733333333,0,三苫,3.999999999999998,10.999999999999998,0.2564102564102564
2022-12-03 11:00:00+09:00,1,0.0,1.0,0.0,0.0,-38.0,-0.1025641025641025,0.717948717948718,-0.9743589743589745,-0.139390092343092,0.43956488,0.19920014,0.36123496,0,三苫,0.0,1.0,1.0
2022-12-03 12:00:00+09:00,4,0.25,0.25,0.0,0.75,3.0,0.25,-0.75,3.0,0.4058879773947411,0.33361215,0.2501419975,0.4162458475,0,三苫,1.0,1.0,0.25
2022-12-03 13:00:00+09:00,6,0.0,0.5,0.0,0.5,2.0,-0.25,0.25,0.5,0.4692022467497736,0.3325739733333333,0.2881348733333333,0.3792911483333334,0,三苫,0.0,3.0,0.5
2022-12-03 14:00:00+09:00,8,0.0,0.25,0.0,0.75,2.0,0.0,-0.25,0.3333333333333333,0.5995857475791126,0.28278921625,0.237671165,0.4795396225,0,三苫,0.0,2.0,0.25
2022-12-03 15:00:00+09:00,2,0.0,0.0,0.0,1.0,-6.0,0.0,-0.25,-0.75,0.8939041834091769,0.298235125,0.2482561449999999,0.45350866,0,三苫,0.0,0.0,0.0
2022-12-03 16:00:00+09:00,4,0.0,0.25,0.0,0.75,2.0,0.0,0.25,1.0,0.4095191569067538,0.344026765,0.2363514424999999,0.4196217875,0,三苫,0.0,1.0,0.25
2022-12-03 17:00:00+09:00,8,0.0,0.25,0.0,0.75,4.0,0.0,0.0,1.0,0.4203444427112118,0.323951695,0.276707065,0.3993412625,0,三苫,0.0,2.0,0.25
2022-12-03 18:00:00+09:00,10,0.1,0.1,0.0,0.9,2.0,0.1,-0.15,0.25,0.381520569534041,0.30828035,0.225439433,0.466280216,0,三苫,1.0,1.0,0.1
2022-12-03 19:00:00+09:00,11,0.0909090909090909,0.3636363636363636,0.2727272727272727,0.3636363636363636,1.0,-0.0090909090909091,0.2636363636363636,0.1,0.4955643236065623,0.3379950718181818,0.2869479718181819,0.37505695,0,三苫,0.9999999999999999,3.9999999999999996,0.09090909090909088
2022-12-03 20:00:00+09:00,10,0.1,0.3,0.0,0.7,-1.0,0.0090909090909091,-0.0636363636363636,-0.0909090909090909,0.6360199693823234,0.299386257,0.219694546,0.4809191969999999,0,三苫,1.0,3.0,0.3
2022-12-03 21:00:00+09:00,9,0.0,0.3333333333333333,0.0,0.6666666666666666,-1.0,-0.1,0.0333333333333333,-0.1,0.6931937901406653,0.3288223333333333,0.2492524133333333,0.4219252755555555,0,三苫,0.0,3.0,0.3333333333333333
2022-12-03 22:00:00+09:00,10,0.1,0.1,0.1,0.8,1.0,0.1,-0.2333333333333333,0.1111111111111111,0.2909692507004365,0.32034159,0.289919549,0.3897388639999999,0,三苫,1.0,1.0,0.0
2022-12-03 23:00:00+09:00,4,0.25,0.0,0.25,0.75,-6.0,0.15,-0.1,-0.6,0.0835320159094408,0.32616679,0.2964525575,0.3773806575,0,三苫,1.0,0.0,-0.25
2022-12-04 08:00:00+09:00,1,0.0,0.0,0.0,1.0,-3.0,-0.25,0.0,-0.75,0.4935530368238688,0.19132757,0.2736612,0.5350113,0,三苫,0.0,0.0,0.0
2022-12-04 11:00:00+09:00,1,0.0,0.0,0.0,1.0,0.0,0.0,0.0,0.0,0.0867488831281662,0.3052077,0.15562747,0.5391648,0,三苫,0.0,0.0,0.0
2022-12-04 12:00:00+09:00,4,0.0,0.5,0.0,0.5,3.0,0.0,0.5,3.0,0.3009890945395455,0.374883545,0.2275373825,0.3975790875,0,三苫,0.0,2.0,0.5
2022-12-04 13:00:00+09:00,3,0.0,0.0,0.3333333333333333,0.6666666666666666,-1.0,0.0,-0.5,-0.25,0.8010889956882845,0.33730223,0.2941255499999999,0.3685722266666666,0,三苫,0.0,0.0,-0.3333333333333333
2022-12-04 14:00:00+09:00,2,0.0,0.0,0.5,0.5,-1.0,0.0,0.0,-0.3333333333333333,0.2155733271501958,0.35310367,0.29522145,0.351674855,0,三苫,0.0,0.0,-0.5
2022-12-04 15:00:00+09:00,4,0.0,0.5,0.0,0.5,2.0,0.0,0.5,1.0,0.5142494282335973,0.3093028775,0.2412594075,0.4494377325,0,三苫,0.0,2.0,0.5
2022-12-04 16:00:00+09:00,4,0.0,0.25,0.25,0.5,0.0,0.0,-0.25,0.0,0.2648502469528467,0.326475745,0.241085205,0.4324390675,0,三苫,0.0,1.0,0.0
2022-12-04 17:00:00+09:00,1,0.0,1.0,0.0,0.0,-3.0,0.0,0.75,-0.75,0.9892912408104166,0.37332413,0.3111395,0.31553632,0,三苫,0.0,1.0,1.0
2022-12-04 18:00:00+09:00,2,0.0,0.0,0.0,1.0,1.0,0.0,-1.0,1.0,0.3085991211701184,0.301500945,0.248677585,0.449821505,0,三苫,0.0,0.0,0.0
2022-12-04 19:00:00+09:00,3,0.3333333333333333,0.3333333333333333,0.0,0.6666666666666666,1.0,0.3333333333333333,0.3333333333333333,0.5,-0.2008842037369808,0.3813707733333333,0.2620571333333333,0.3565720466666666,0,三苫,1.0,1.0,0.3333333333333333
2022-12-04 20:00:00+09:00,3,0.0,0.3333333333333333,0.0,0.6666666666666666,0.0,-0.3333333333333333,0.0,0.0,0.3775764587335289,0.3517526666666666,0.2948377666666666,0.3534095666666667,0,三苫,0.0,1.0,0.3333333333333333
2022-12-04 21:00:00+09:00,3,0.0,0.3333333333333333,0.0,0.6666666666666666,0.0,0.0,0.0,0.0,0.3825086063394944,0.3519265266666667,0.2409961066666666,0.4070773333333333,0,三苫,0.0,1.0,0.3333333333333333
2022-12-04 22:00:00+09:00,5,0.0,0.2,0.0,0.8,2.0,0.0,-0.1333333333333333,0.6666666666666666,0.1734750509262084,0.3294744899999999,0.275958154,0.394567328,0,三苫,0.0,1.0,0.2
2022-12-04 23:00:00+09:00,5,0.0,0.2,0.0,0.8,0.0,0.0,0.0,0.0,0.6398828328121454,0.318847036,0.206471974,0.474681014,0,三苫,0.0,1.0,0.2
2023-01-29 23:00:00+09:00,130,0.6307692307692307,0.1940298507462686,0.0149253731343283,0.7910447761194029,0.0,0.0,0.0,0.0,-0.4582388721773081,0.3092704179104478,0.2530193467910447,0.4377102438059701,1,寿司ペロ,82.0,25.22388059701492,0.17910447761194032
2023-01-30 23:00:00+09:00,101,0.4752475247524752,0.125,0.0096153846153846,0.8653846153846154,-29.0,-0.1555217060167555,-0.0690298507462686,-0.2230769230769231,-0.2766323908228795,0.2924602389423076,0.2542218026923076,0.4533179563461539,1,寿司ペロ,48.0,12.625,0.1153846153846154
2023-01-31 23:00:00+09:00,115,0.3826086956521739,0.1551724137931034,0.0172413793103448,0.8275862068965517,14.0,-0.0926388291003013,0.0301724137931034,0.1386138613861386,-0.1376144803718237,0.3044166068103447,0.2576256244827586,0.4379577674137931,1,寿司ペロ,44.0,17.84482758620689,0.1379310344827586
2023-02-01 23:00:00+09:00,118,0.4322033898305085,0.1176470588235294,0.0504201680672268,0.8319327731092437,3.0,0.0495946941783345,-0.037525354969574,0.0260869565217391,-0.1555317635682192,0.3027982767226891,0.2538332537815126,0.4433684710084034,1,寿司ペロ,51.0,13.88235294117647,0.06722689075630259
2023-02-02 23:00:00+09:00,108,0.287037037037037,0.1964285714285714,0.0089285714285714,0.7946428571428571,-10.0,-0.1451663527934715,0.078781512605042,-0.0847457627118644,0.0397526948010116,0.3038370065178571,0.2583090766071428,0.43785391625,1,寿司ペロ,30.999999999999993,21.21428571428571,0.1875
2023-02-03 23:00:00+09:00,101,0.2376237623762376,0.2178217821782178,0.0594059405940594,0.7227722772277227,-7.0,-0.0494132746607993,0.0213932107496463,-0.0648148148148148,0.059109650576478,0.3007007671287129,0.2708040399999999,0.4284951985148516,1,寿司ペロ,24.0,21.999999999999996,0.1584158415841584
2023-02-04 23:00:00+09:00,104,0.3557692307692308,0.173076923076923,0.0576923076923076,0.7692307692307693,3.0,0.1181454683929931,-0.0447448591012947,0.0297029702970297,-0.0961613207215962,0.2979426202884615,0.2638047647115384,0.4382526095192307,1,寿司ペロ,37.0,17.99999999999999,0.11538461538461539
2025-08-03 00:00:00+09:00,2,0.0,0.0,0.0,1.0,0.0,0.0,0.0,0.0,0.3964547421783209,0.295093535,0.210293085,0.49461339,0,広陵,0.0,0.0,0.0
2025-08-03 01:00:00+09:00,3,0.0,1.0,0.0,0.0,1.0,0.0,1.0,0.5,0.2239421761284272,0.3924827466666666,0.3014046266666666,0.30611265,0,広陵,0.0,3.0,1.0
2025-08-03 03:00:00+09:00,3,0.0,0.3333333333333333,0.0,0.6666666666666666,0.0,0.0,-0.6666666666666667,0.0,0.1313851649562518,0.3257326766666666,0.2645234233333333,0.4097439066666666,0,広陵,0.0,1.0,0.3333333333333333
2025-08-03 04:00:00+09:00,1,1.0,1.0,0.0,0.0,-2.0,1.0,0.6666666666666667,-0.6666666666666666,-0.991468711057678,0.3812069,0.30077925,0.31801385,0,広陵,1.0,1.0,1.0
2025-08-03 06:00:00+09:00,1,1.0,1.0,0.0,0.0,0.0,0.0,0.0,0.0,-0.6939392546191813,0.39569458,0.3105987,0.2937067,0,広陵,1.0,1.0,1.0
2025-08-03 07:00:00+09:00,4,0.0,0.0,0.0,1.0,3.0,-1.0,-1.0,3.0,0.4018416677135975,0.2524558475,0.2161518825,0.5313922925,0,広陵,0.0,0.0,0.0
2025-08-03 08:00:00+09:00,4,0.0,0.0,0.5,0.5,0.0,0.0,0.0,0.0,0.1916797258891164,0.2942439324999999,0.2986198025,0.4071362775,0,広陵,0.0,0.0,-0.5
2025-08-03 09:00:00+09:00,6,0.0,0.3333333333333333,0.3333333333333333,0.3333333333333333,2.0,0.0,0.3333333333333333,0.5,0.3865082015593847,0.3696799333333334,0.26343243,0.366887615,0,広陵,0.0,2.0,0.0
2025-08-03 10:00:00+09:00,4,0.0,0.5,0.0,0.5,-2.0,0.0,0.1666666666666666,-0.3333333333333333,0.2469122792826966,0.3491375075,0.25994718,0.3909153075,1,広陵,0.0,2.0,0.5
2025-08-03 11:00:00+09:00,4,0.5,0.25,0.0,0.75,0.0,0.5,-0.25,0.0,-0.0533634688472375,0.3372553325,0.2763244975,0.3864201775,1,広陵,2.0,1.0,0.25
2025-08-03 12:00:00+09:00,3,0.0,1.0,0.0,0.0,-1.0,-0.5,0.75,-0.25,0.5111522707156837,0.4033829466666667,0.2999386133333333,0.2966784566666667,1,広陵,0.0,3.0,1.0
2025-08-03 13:00:00+09:00,6,0.3333333333333333,0.3333333333333333,0.0,0.6666666666666666,3.0,0.3333333333333333,-0.6666666666666667,1.0,-0.3446931207242111,0.3567731683333333,0.2597793233333333,0.3834475133333332,1,広陵,2.0,2.0,0.3333333333333333
2025-08-03 14:00:00+09:00,57,0.1228070175438596,0.5333333333333333,0.0833333333333333,0.3833333333333333,51.0,-0.2105263157894737,0.2,8.5,0.1850227328871066,0.3520409103333333,0.2908897485,0.3570693403333332,1,広陵,6.999999999999997,30.4,0.45
2025-08-03 15:00:00+09:00,38,0.1842105263157894,0.3076923076923077,0.0512820512820512,0.6410256410256411,-19.0,0.0614035087719298,-0.2256410256410256,-0.3333333333333333,0.1903458189261026,0.3250163284615385,0.2595482733333333,0.4154354025641025,1,広陵,6.999999999999997,11.692307692307693,0.2564102564102565
2025-08-03 16:00:00+09:00,41,0.1463414634146341,0.3658536585365853,0.0975609756097561,0.5365853658536586,3.0,-0.0378690629011553,0.0581613508442776,0.0789473684210526,0.1155814981973934,0.3480810356097561,0.2683197902439024,0.3835991782926829,1,広陵,5.999999999999998,14.999999999999998,0.2682926829268292
2025-08-03 17:00:00+09:00,33,0.1515151515151515,0.3333333333333333,0.0909090909090909,0.5757575757575758,-8.0,0.0051736881005173,-0.032520325203252,-0.1951219512195122,0.0384963172290361,0.3272387769696969,0.2614080193939394,0.411353206060606,1,広陵,4.999999999999999,11.0,0.24242424242424243
2025-08-03 18:00:00+09:00,15,0.1333333333333333,0.0666666666666666,0.1333333333333333,0.8,-18.0,-0.0181818181818181,-0.2666666666666666,-0.5454545454545454,0.1237467437827339,0.3315515513333334,0.2560172726666667,0.4124311906666666,1,広陵,1.9999999999999996,0.9999999999999989,-0.06666666666666671
2025-08-03 19:00:00+09:00,36,0.25,0.4594594594594595,0.054054054054054,0.4864864864864865,21.0,0.1166666666666667,0.3927927927927928,1.4,0.0693770308720854,0.3482166689189189,0.2625184356756757,0.389264894054054,1,広陵,9.0,16.54054054054054,0.4054054054054055
2025-08-03 20:00:00+09:00,29,0.2413793103448276,0.2413793103448276,0.0,0.7586206896551724,-7.0,-0.0086206896551724,-0.2180801491146319,-0.1944444444444444,-0.0028948161172969,0.3538691527586207,0.2458971089655172,0.4002337389655172,1,広陵,7.0,7.0,0.2413793103448276
2025-08-03 21:00:00+09:00,56,0.3928571428571428,0.4107142857142857,0.0357142857142857,0.5535714285714286,27.0,0.1514778325123152,0.1693349753694581,0.9310344827586208,-0.2247450551408942,0.3538267339285714,0.2366816110714285,0.4094916557142857,1,広陵,21.999999999999996,23.0,0.375
2025-08-03 22:00:00+09:00,66,0.2575757575757575,0.4696969696969697,0.0454545454545454,0.4848484848484848,10.0,-0.1352813852813852,0.058982683982684,0.1785714285714285,-0.048035327168746,0.3550626039393939,0.255633721060606,0.3893036787878788,1,広陵,16.999999999999996,31.0,0.4242424242424243
2025-08-03 23:00:00+09:00,35,0.3428571428571428,0.3428571428571428,0.0285714285714285,0.6285714285714286,-31.0,0.0852813852813852,-0.1268398268398268,-0.4696969696969697,-0.0681094124647123,0.3496854774285713,0.2481138134285714,0.4022007057142857,1,広陵,11.999999999999998,11.999999999999998,0.3142857142857143
2025-08-04 00:00:00+09:00,46,0.391304347826087,0.5,0.0217391304347826,0.4782608695652174,11.0,0.0484472049689441,0.1571428571428571,0.3142857142857143,-0.2552254560438957,0.3730304539130434,0.2520197141304348,0.3749498345652174,1,広陵,18.0,23.0,0.4782608695652174
2025-08-04 01:00:00+09:00,35,0.4,0.6,0.0285714285714285,0.3714285714285714,-11.0,0.008695652173913,0.0999999999999999,-0.2391304347826087,-0.3386255763737218,0.3863213594285715,0.2548942628571428,0.3587843777142857,1,広陵,14.0,21.0,0.5714285714285715
2025-08-04 02:00:00+09:00,16,0.3125,0.375,0.0,0.625,-19.0,-0.0875,-0.2249999999999999,-0.5428571428571428,-0.1674469383506221,0.3553161,0.239900875625,0.404783030625,1,広陵,5.0,6.0,0.375
2025-08-04 03:00:00+09:00,6,0.6666666666666666,0.3333333333333333,0.0,0.6666666666666666,-10.0,0.3541666666666666,-0.0416666666666666,-0.625,-0.4325693815868969,0.36949633,0.2288383933333333,0.401665285,1,広陵,4.0,2.0,0.3333333333333333
2025-08-04 04:00:00+09:00,12,0.3333333333333333,0.4166666666666667,0.0,0.5833333333333334,6.0,-0.3333333333333333,0.0833333333333333,1.0,-0.190950222167885,0.343196695,0.2792954708333333,0.3775078408333334,1,広陵,4.0,5.0,0.4166666666666667
2025-08-04 05:00:00+09:00,4,0.5,0.0,0.0,1.0,-8.0,0.1666666666666666,-0.4166666666666667,-0.6666666666666666,-0.2776361245196312,0.2876010375,0.1986337399999999,0.5137652149999999,1,広陵,2.0,0.0,0.0
2025-08-04 06:00:00+09:00,23,0.2608695652173913,0.4347826086956521,0.0,0.5652173913043478,19.0,-0.2391304347826087,0.4347826086956521,4.75,0.0456484548605816,0.3514543152173913,0.2448265713043478,0.4037191178260869,1,広陵,6.0,9.999999999999998,0.4347826086956521
2025-08-04 07:00:00+09:00,49,0.4693877551020408,0.52,0.0,0.48,26.0,0.2085181898846494,0.0852173913043478,1.1304347826086956,-0.3010679962579161,0.3682117705999999,0.23487564,0.3969125842,1,広陵,23.0,25.48,0.52
2025-08-04 08:00:00+09:00,53,0.3773584905660377,0.4150943396226415,0.0,0.5849056603773585,4.0,-0.092029264536003,-0.1049056603773584,0.0816326530612244,-0.3348630949951497,0.3567295888679244,0.2383675754716981,0.4049028371698113,1,広陵,20.0,21.999999999999996,0.4150943396226415
2025-08-04 09:00:00+09:00,59,0.4915254237288136,0.3833333333333333,0.0,0.6166666666666667,6.0,0.1141669331627758,-0.0317610062893081,0.1132075471698113,-0.3036414882032356,0.357684752,0.2289202236666666,0.4133950299999999,1,広陵,29.0,22.616666666666664,0.3833333333333333
2025-08-04 10:00:00+09:00,50,0.48,0.54,0.02,0.44,-9.0,-0.0115254237288136,0.1566666666666666,-0.1525423728813559,-0.3527898397995159,0.3781649301999999,0.2421777969999999,0.3796572729999999,1,広陵,24.0,27.0,0.52
2025-08-04 11:00:00+09:00,60,0.5166666666666667,0.55,0.0,0.45,10.0,0.0366666666666667,0.01,0.2,-0.4615298290348923,0.3741412229999999,0.2294090706666667,0.3964497068333333,1,広陵,31.000000000000004,33.0,0.55
2025-08-04 12:00:00+09:00,72,0.4861111111111111,0.4583333333333333,0.0,0.5416666666666666,12.0,-0.0305555555555556,-0.0916666666666667,0.2,-0.3879068621625063,0.3690799276388889,0.2334476504166666,0.3974724226388889,1,広陵,35.0,33.0,0.4583333333333333
2025-08-04 13:00:00+09:00,39,0.5384615384615384,0.375,0.025,0.6,-33.0,0.0523504273504273,-0.0833333333333333,-0.4583333333333333,-0.4045484740898246,0.360104842,0.23600238275,0.4038927790000001,1,広陵,21.0,14.625,0.35
2025-08-04 14:00:00+09:00,61,0.4918032786885246,0.4754098360655737,0.0163934426229508,0.5081967213114754,22.0,-0.0466582597730138,0.1004098360655737,0.5641025641025641,-0.4475935390953846,0.3759132496721311,0.2308014395081967,0.3932853093442623,1,広陵,30.0,28.999999999999996,0.4590163934426229
2025-08-04 15:00:00+09:00,54,0.4074074074074074,0.4259259259259259,0.0185185185185185,0.5555555555555556,-7.0,-0.0843958712811172,-0.0494839101396478,-0.1147540983606557,-0.2975487455001308,0.3627319146296295,0.2400092083333333,0.3972588755555555,1,広陵,22.0,22.999999999999996,0.4074074074074074
2025-08-04 16:00:00+09:00,50,0.46,0.392156862745098,0.0,0.6078431372549019,-4.0,0.0525925925925926,-0.0337690631808278,-0.074074074074074,-0.3658430961225474,0.3481825725490196,0.2320502262745098,0.4197671976470588,1,広陵,23.0,19.6078431372549,0.392156862745098
2025-08-04 17:00:00+09:00,65,0.5384615384615384,0.4923076923076923,0.0307692307692307,0.4769230769230769,15.0,0.0784615384615384,0.1001508295625943,0.3,-0.409337936486834,0.3657832855384615,0.238133292,0.3960834247692308,1,広陵,35.0,31.999999999999996,0.46153846153846156
2025-08-04 18:00:00+09:00,50,0.42,0.36,0.0,0.64,-15.0,-0.1184615384615384,-0.1323076923076923,-0.2307692307692307,-0.2446882713399827,0.3526377986,0.2327669224,0.4145952762,1,広陵,21.0,18.0,0.36
2025-08-04 19:00:00+09:00,62,0.4032258064516129,0.4516129032258064,0.0,0.5483870967741935,12.0,-0.0167741935483871,0.0916129032258064,0.24,-0.2740815825827961,0.367531944032258,0.2347784191935483,0.3976896312903226,1,広陵,25.0,27.999999999999996,0.4516129032258064
2025-08-04 20:00:00+09:00,7,0.2857142857142857,0.1428571428571428,0.0,0.8571428571428571,-55.0,-0.1175115207373271,-0.3087557603686636,-0.8870967741935484,-0.0621411715900259,0.3167967457142858,0.2283306399999999,0.4548725785714286,1,広陵,2.0,0.9999999999999996,0.1428571428571428
2025-08-04 21:00:00+09:00,17,0.5882352941176471,0.5294117647058824,0.0,0.4705882352941176,10.0,0.3025210084033614,0.3865546218487395,1.4285714285714286,-0.4630703523563331,0.3631373617647059,0.2344827458823529,0.4023799,1,広陵,10.0,9.0,0.5294117647058824
2025-08-04 22:00:00+09:00,42,0.5476190476190477,0.4418604651162791,0.0,0.5581395348837209,25.0,-0.0406162464985994,-0.0875512995896032,1.4705882352941178,-0.3444995796091334,0.3666928576744186,0.2428989441860465,0.3904081986046511,1,広陵,23.000000000000004,18.558139534883722,0.4418604651162791
2025-08-04 23:00:00+09:00,34,0.5,0.3823529411764705,0.0,0.6176470588235294,-8.0,-0.0476190476190476,-0.0595075239398085,-0.1904761904761904,-0.436295121894492,0.3637401279411764,0.2318591405882353,0.4044007302941177,1,広陵,17.0,12.999999999999996,0.3823529411764705
2025-08-05 00:00:00+09:00,75,0.4666666666666667,0.4605263157894737,0.0,0.5394736842105263,41.0,-0.0333333333333333,0.0781733746130031,1.2058823529411764,-0.3807298888798534,0.3630113736842106,0.2326532813157894,0.4043353457894736,1,広陵,35.0,34.53947368421053,0.4605263157894737
2025-08-05 01:00:00+09:00,42,0.4523809523809524,0.5,0.0238095238095238,0.4761904761904761,-33.0,-0.0142857142857142,0.0394736842105263,-0.44,-0.2887302245806149,0.388453059047619,0.2347021371428571,0.3768447978571428,1,広陵,19.0,21.0,0.4761904761904762
2025-08-05 02:00:00+09:00,27,0.4814814814814814,0.6666666666666666,0.0,0.3333333333333333,-15.0,0.029100529100529,0.1666666666666666,-0.3571428571428571,-0.3452069891780546,0.3952210725925926,0.2226634622222222,0.3821154559259259,1,広陵,12.999999999999998,18.0,0.6666666666666666
2025-08-05 03:00:00+09:00,22,0.4090909090909091,0.5,0.0,0.5,-5.0,-0.0723905723905722,-0.1666666666666666,-0.1851851851851851,-0.22640888141574,0.3691169409090909,0.2475465081818181,0.3833365522727272,1,広陵,9.0,11.0,0.5
2025-08-05 04:00:00+09:00,20,0.7,0.4,0.0,0.6,-2.0,0.2909090909090908,-0.0999999999999999,-0.0909090909090909,-0.6279376844759099,0.3596907035,0.219763948,0.420545354,1,広陵,14.0,8.0,0.4
2025-08-05 05:00:00+09:00,20,0.35,0.55,0.0,0.45,0.0,-0.35,0.15,0.0,-0.2579283002996817,0.3851663225,0.2335553544999999,0.3812783325,1,広陵,7.0,11.0,0.55
2025-08-05 06:00:00+09:00,43,0.4883720930232558,0.3953488372093023,0.0232558139534883,0.5813953488372093,23.0,0.1383720930232558,-0.1546511627906977,1.15,-0.3759631365970817,0.3562612818604652,0.2373510634883721,0.4063876560465116,1,広陵,21.0,17.0,0.372093023255814
2025-08-05 07:00:00+09:00,59,0.5084745762711864,0.4426229508196721,0.0,0.5573770491803278,16.0,0.0201024832479306,0.0472741136103698,0.3720930232558139,-0.3774659961622331,0.3661184624590164,0.2260662785245902,0.4078152532786885,1,広陵,30.0,26.114754098360656,0.4426229508196721
2025-08-05 08:00:00+09:00,57,0.4912280701754385,0.3448275862068966,0.0,0.6551724137931034,-2.0,-0.0172465060957479,-0.0977953646127755,-0.0338983050847457,-0.3976016236240333,0.3573013237931034,0.2404648277586207,0.4022338468965517,1,広陵,27.999999999999996,19.655172413793103,0.3448275862068966
2025-08-05 09:00:00+09:00,55,0.4909090909090909,0.3392857142857143,0.0178571428571428,0.6428571428571429,-2.0,-0.0003189792663476,-0.0055418719211822,-0.0350877192982456,-0.3564094429415751,0.3686110035714285,0.231652655,0.39973634625,1,広陵,27.0,18.66071428571429,0.3214285714285715
2025-08-05 10:00:00+09:00,56,0.4285714285714285,0.4561403508771929,0.0175438596491228,0.5263157894736842,1.0,-0.0623376623376624,0.1168546365914786,0.0181818181818181,-0.2941801351956664,0.3709685892982455,0.2364676849122807,0.3925637170175439,1,広陵,23.999999999999996,25.5438596491228,0.4385964912280701
2025-08-05 11:00:00+09:00,56,0.5,0.4821428571428571,0.0,0.5178571428571429,0.0,0.0714285714285715,0.0260025062656641,0.0,-0.3581821149626714,0.3697673192857142,0.23504939,0.3951832885714286,1,広陵,28.0,26.999999999999996,0.4821428571428571
2025-08-05 12:00:00+09:00,58,0.396551724137931,0.4426229508196721,0.0163934426229508,0.5409836065573771,2.0,-0.103448275862069,-0.039519906323185,0.0357142857142857,-0.2302049234505651,0.3538266770491803,0.244558628852459,0.4016147,1,広陵,22.999999999999996,25.672131147540984,0.42622950819672134
2025-08-05 13:00:00+09:00,38,0.4736842105263157,0.3809523809523809,0.0,0.6190476190476191,-20.0,0.0771324863883847,-0.0616705698672911,-0.3448275862068966,-0.3378420684270428,0.3402117507142857,0.2514397433333333,0.4083485111904761,1,広陵,17.999999999999996,14.476190476190473,0.3809523809523809
2025-08-05 14:00:00+09:00,3,0.3333333333333333,0.6666666666666666,0.0,0.3333333333333333,-35.0,-0.1403508771929824,0.2857142857142857,-0.9210526315789472,-0.2902371318389972,0.3956784033333333,0.2853285233333333,0.3189931,1,広陵,1.0,2.0,0.6666666666666666
2025-08-05 15:00:00+09:00,99,0.5656565656565656,0.5544554455445545,0.0,0.4455445544554455,96.0,0.2323232323232323,-0.1122112211221121,32.0,-0.5180646981467668,0.3799072690099011,0.2555178006930694,0.3645749394059406,1,広陵,56.0,54.8910891089109,0.5544554455445545
2025-08-05 16:00:00+09:00,1,0.0,1.0,0.0,0.0,-98.0,-0.5656565656565656,0.4455445544554455,-0.98989898989899,-0.2424115464091301,0.42234433,0.30847082,0.26918495,1,広陵,0.0,1.0,1.0
2025-08-05 17:00:00+09:00,98,0.4795918367346938,0.46,0.0,0.54,97.0,0.4795918367346938,-0.54,97.0,-0.3751952101360075,0.3681952923,0.2448907079,0.3869140026,1,広陵,46.99999999999999,45.080000000000005,0.46
2025-08-05 19:00:00+09:00,106,0.4811320754716981,0.3867924528301887,0.0094339622641509,0.6037735849056604,8.0,0.0015402387370043,-0.0732075471698113,0.0816326530612244,-0.3535706024004129,0.3538700045283019,0.2368940082075471,0.4092359841509434,1,広陵,51.0,41.0,0.3773584905660378
2025-08-05 21:00:00+09:00,101,0.504950495049505,0.4455445544554455,0.0,0.5544554455445545,-5.0,0.0238184195778068,0.0587521016252568,-0.0471698113207547,-0.372107925506696,0.358380205940594,0.2384118412871287,0.4032079543564357,1,広陵,51.0,44.99999999999999,0.4455445544554455
2025-08-05 23:00:00+09:00,108,0.4537037037037037,0.4259259259259259,0.037037037037037,0.5370370370370371,7.0,-0.0512467913458012,-0.0196186285295196,0.0693069306930693,-0.3742297749839188,0.3579568862962964,0.2432121,0.3988310050925926,1,広陵,49.0,45.99999999999999,0.3888888888888889
2025-08-06 00:00:00+09:00,3,0.6666666666666666,0.6666666666666666,0.0,0.3333333333333333,-105.0,0.2129629629629629,0.2407407407407407,-0.9722222222222222,-0.4069348881021142,0.37256457,0.2720133766666667,0.3554220366666666,1,広陵,2.0,2.0,0.6666666666666666
2025-08-06 01:00:00+09:00,106,0.4433962264150943,0.3867924528301887,0.0094339622641509,0.6037735849056604,103.0,-0.2232704402515723,-0.2798742138364779,34.333333333333336,-0.2431792724857827,0.3516767745283018,0.236225395754717,0.4120978283962264,1,広陵,46.99999999999999,41.0,0.3773584905660378
2025-08-06 02:00:00+09:00,44,0.5,0.3863636363636363,0.0,0.6136363636363636,-62.0,0.0566037735849057,-0.0004288164665523,-0.5849056603773585,-0.3968369153497572,0.3550121361363636,0.2339341084090909,0.4110537529545454,1,広陵,22.0,16.999999999999996,0.3863636363636363
2025-08-06 03:00:00+09:00,63,0.5555555555555556,0.1904761904761904,0.0,0.8095238095238095,19.0,0.0555555555555555,-0.1958874458874459,0.4318181818181818,-0.4466071114801462,0.3287683541269841,0.2272730369841269,0.4439586123809523,1,広陵,35.0,11.999999999999996,0.1904761904761904
2025-08-06 04:00:00+09:00,24,0.625,0.5,0.0,0.5,-39.0,0.0694444444444444,0.3095238095238095,-0.6190476190476191,-0.5696898288588274,0.3675886104166666,0.2383919629166666,0.3940194316666667,1,広陵,15.0,12.0,0.5
2025-08-06 05:00:00+09:00,58,0.4827586206896552,0.5254237288135594,0.0,0.4745762711864407,34.0,-0.1422413793103448,0.0254237288135593,1.4166666666666667,-0.3745548856125008,0.3697937452542372,0.2461898569491525,0.3840163972881356,1,広陵,28.0,30.474576271186443,0.5254237288135594
2025-08-06 07:00:00+09:00,98,0.5714285714285714,0.3061224489795918,0.0,0.6938775510204082,40.0,0.0886699507389162,-0.2193012798339675,0.6896551724137931,-0.4221772624308015,0.346329380510204,0.2319471778571428,0.4217234435714286,1,広陵,56.0,29.999999999999996,0.3061224489795918
2025-08-06 09:00:00+09:00,116,0.5431034482758621,0.4051724137931034,0.0172413793103448,0.5775862068965517,18.0,-0.0283251231527092,0.0990499648135115,0.1836734693877551,-0.4204142522438157,0.3573510441379309,0.2293595755172414,0.4132893821551723,1,広陵,63.0,47.0,0.3879310344827586
2025-08-06 11:00:00+09:00,104,0.5769230769230769,0.3557692307692308,0.0192307692307692,0.625,-12.0,0.0338196286472147,-0.0494031830238726,-0.1034482758620689,-0.4352037152017986,0.3558067300961539,0.2313337911538461,0.4128594759615385,1,広陵,59.99999999999999,37.0,0.33653846153846156
2025-08-06 13:00:00+09:00,103,0.6213592233009708,0.3106796116504854,0.0097087378640776,0.6796116504854369,-1.0,0.0444361463778939,-0.0450896191187453,-0.0096153846153846,-0.4570414695077242,0.3519369034951455,0.2342593277669903,0.4138037641747573,1,広陵,63.99999999999999,31.999999999999996,0.3009708737864078
2025-08-06 15:00:00+09:00,92,0.5,0.358695652173913,0.0108695652173913,0.6304347826086957,-11.0,-0.1213592233009708,0.0480160405234276,-0.1067961165048543,-0.3290309739544603,0.3557455622826087,0.2344846123913043,0.4097698305434782,1,広陵,46.0,33.0,0.34782608695652173
2025-08-06 17:00:00+09:00,104,0.5096153846153846,0.4,0.019047619047619,0.580952380952381,12.0,0.0096153846153845,0.0413043478260869,0.1304347826086956,-0.3532651573840883,0.3551512864761905,0.2336269413333333,0.4112217727619047,1,広陵,53.0,41.6,0.38095238095238104
2025-08-06 19:00:00+09:00,106,0.490566037735849,0.4528301886792453,0.0,0.5471698113207547,2.0,-0.0190493468795355,0.0528301886792452,0.0192307692307692,-0.3189616689396988,0.3625913847169812,0.2366626029245283,0.4007460046226415,1,広陵,51.99999999999999,48.0,0.4528301886792453
2025-08-06 21:00:00+09:00,98,0.5612244897959183,0.3877551020408163,0.0204081632653061,0.5918367346938775,-8.0,0.0706584520600693,-0.0650750866384289,-0.0754716981132075,-0.4084495825512449,0.3573493743877551,0.232396121122449,0.4102545035714285,1,広陵,54.99999999999999,38.0,0.3673469387755102
2025-08-06 23:00:00+09:00,108,0.4629629629629629,0.4862385321100917,0.0,0.5137614678899083,10.0,-0.0982615268329554,0.0984834300692754,0.1020408163265306,-0.301271038981146,0.3683821650458716,0.2464318152293578,0.3851860183486239,1,広陵,49.99999999999999,52.51376146788991,0.4862385321100917
2025-08-07 01:00:00+09:00,96,0.6145833333333334,0.3195876288659793,0.0,0.6804123711340206,-12.0,0.1516203703703704,-0.1666509032441124,-0.1111111111111111,-0.407000454722366,0.3452898882474227,0.2393696956701031,0.4153404105154639,1,広陵,59.0,30.68041237113401,0.3195876288659793
2025-08-07 02:00:00+09:00,40,0.575,0.5365853658536586,0.0,0.4634146341463415,-56.0,-0.0395833333333334,0.2169977369876792,-0.5833333333333334,-0.437421173180976,0.3715131865853658,0.2421858736585365,0.3863009402439025,1,広陵,23.0,21.463414634146343,0.5365853658536586
2025-08-07 03:00:00+09:00,60,0.5666666666666667,0.3442622950819672,0.0163934426229508,0.639344262295082,20.0,-0.0083333333333333,-0.1923230707716913,0.5,-0.4593648656145441,0.3549363055737705,0.2416431686885246,0.4034205259016393,1,広陵,34.0,20.65573770491803,0.3278688524590164
2025-08-07 04:00:00+09:00,20,0.65,0.3,0.05,0.65,-40.0,0.0833333333333333,-0.0442622950819672,-0.6666666666666666,-0.5358375636511483,0.3428001335,0.227836089,0.4293637775,1,広陵,13.0,6.0,0.25
2025-08-07 05:00:00+09:00,63,0.4444444444444444,0.359375,0.0,0.640625,43.0,-0.2055555555555556,0.059375,2.15,-0.3712746505098039,0.3482666328125,0.249304854375,0.4024285146874999,1,広陵,28.0,22.640625,0.359375
2025-08-07 07:00:00+09:00,100,0.45,0.49,0.01,0.5,37.0,0.0055555555555555,0.130625,0.5873015873015873,-0.3069864382955712,0.3669911592,0.2469876732,0.3860211679,1,広陵,45.0,49.0,0.48
2025-08-07 09:00:00+09:00,104,0.5,0.4326923076923077,0.0,0.5673076923076923,4.0,0.0499999999999999,-0.0573076923076922,0.04,-0.3961767777464747,0.3657459635576923,0.2485447534615384,0.3857092805769231,1,広陵,52.0,45.0,0.4326923076923077
2025-08-07 11:00:00+09:00,97,0.5670103092783505,0.4123711340206185,0.0103092783505154,0.5773195876288659,-7.0,0.0670103092783505,-0.0203211736716891,-0.0673076923076923,-0.4730921852349582,0.3512542220618556,0.2336509148453608,0.4150948755670102,1,広陵,55.0,39.99999999999999,0.4020618556701031
2025-08-07 13:00:00+09:00,104,0.4903846153846153,0.4615384615384615,0.0192307692307692,0.5192307692307693,7.0,-0.0766256938937351,0.049167327517843,0.0721649484536082,-0.3520997380434822,0.3670027078846153,0.2469562125961538,0.3860410747115385,1,広陵,50.99999999999999,48.0,0.4423076923076923
2025-08-07 15:00:00+09:00,98,0.4387755102040816,0.35,0.01,0.64,-6.0,-0.0516091051805336,-0.1115384615384615,-0.0576923076923076,-0.2880142378987512,0.3489687813,0.2350192835,0.4160119356,1,広陵,43.0,34.3,0.33999999999999997
2025-08-07 17:00:00+09:00,101,0.396039603960396,0.4257425742574257,0.0,0.5742574257425742,3.0,-0.0427359062436856,0.0757425742574257,0.0306122448979591,-0.2098709866150956,0.3563609569306931,0.2411650813861385,0.4024739618811881,1,広陵,39.99999999999999,42.99999999999999,0.4257425742574257
2025-08-07 19:00:00+09:00,107,0.4018691588785046,0.3302752293577982,0.018348623853211,0.6513761467889908,6.0,0.0058295549181086,-0.0954673448996275,0.0594059405940594,-0.1485273441846627,0.3480783870642202,0.2422532839449541,0.4096683318348623,1,広陵,42.99999999999999,35.3394495412844,0.3119266055045872
2025-08-07 21:00:00+09:00,108,0.4537037037037037,0.3818181818181818,0.009090909090909,0.6090909090909091,1.0,0.0518345448251991,0.0515429524603836,0.0093457943925233,-0.2317839526031589,0.351630785090909,0.2328777794545454,0.4154914351818181,1,広陵,49.0,41.236363636363635,0.3727272727272728
2025-08-07 23:00:00+09:00,107,0.4579439252336448,0.3177570093457944,0.0,0.6822429906542056,-1.0,0.004240221529941,-0.0640611724723874,-0.0092592592592592,-0.2743589754170678,0.3496823417757009,0.237362234859813,0.4129554194392523,1,広陵,48.99999999999999,34.0,0.3177570093457944
2025-08-08 01:00:00+09:00,93,0.5268817204301075,0.3829787234042553,0.0,0.6170212765957447,-14.0,0.0689377951964627,0.0652217140584609,-0.1308411214953271,-0.341155560458069,0.3521688593617021,0.2407462001063829,0.4070849369148936,1,広陵,49.0,35.61702127659574,0.3829787234042553
2025-08-08 02:00:00+09:00,20,0.55,0.7,0.0,0.3,-73.0,0.0231182795698925,0.3170212765957446,-0.7849462365591398,-0.4282294876000379,0.40384918,0.2304313775,0.365719446,1,広陵,11.0,14.0,0.7
2025-08-08 03:00:00+09:00,85,0.4352941176470588,0.5058823529411764,0.0,0.4941176470588235,65.0,-0.1147058823529412,-0.1941176470588235,3.25,-0.2792453895911904,0.3744249543529411,0.2400102985882353,0.3855647484705882,1,広陵,36.99999999999999,43.0,0.5058823529411764
2025-08-08 04:00:00+09:00,7,0.4285714285714285,0.1428571428571428,0.0,0.8571428571428571,-78.0,-0.0067226890756302,-0.3630252100840336,-0.9176470588235294,-0.2051655189799411,0.31284225,0.21648236,0.4706753885714286,1,広陵,2.9999999999999996,0.9999999999999996,0.1428571428571428
2025-08-08 05:00:00+09:00,93,0.5806451612903226,0.4526315789473684,0.0,0.5473684210526316,86.0,0.1520737327188941,0.3097744360902256,12.285714285714286,-0.3726027695302804,0.3647628395789473,0.2384140817894737,0.3968230769473682,1,広陵,54.00000000000001,42.09473684210526,0.4526315789473684
2025-08-08 07:00:00+09:00,99,0.4646464646464646,0.4545454545454545,0.0202020202020202,0.5252525252525253,6.0,-0.115998696643858,0.001913875598086,0.064516129032258,-0.2505665117112751,0.3583942249494949,0.2457508274747474,0.3958549457575758,1,広陵,45.99999999999999,44.99999999999999,0.43434343434343425
2025-08-08 09:00:00+09:00,101,0.5643564356435643,0.3564356435643564,0.0099009900990099,0.6336633663366337,2.0,0.0997099709970997,-0.0981098109810981,0.0202020202020202,-0.4406580579049867,0.3531684006930693,0.2402672482178217,0.4065643509900989,1,広陵,56.99999999999999,36.0,0.3465346534653465
2025-08-08 11:00:00+09:00,85,0.4470588235294118,0.5402298850574713,0.0,0.4597701149425287,-16.0,-0.1172976121141525,0.1837942414931148,-0.1584158415841584,-0.2764295481637805,0.37544325045977,0.2471290227586207,0.3774277196551723,1,広陵,38.0,45.91954022988506,0.5402298850574713
2025-08-08 13:00:00+09:00,84,0.5833333333333334,0.5,0.0116279069767441,0.4883720930232558,-1.0,0.1362745098039215,-0.0402298850574712,-0.0117647058823529,-0.4228075606569778,0.362041013488372,0.2433491694186046,0.3946098141860464,1,広陵,49.0,42.0,0.4883720930232559
2025-08-08 15:00:00+09:00,93,0.6774193548387096,0.4838709677419355,0.010752688172043,0.5053763440860215,9.0,0.0940860215053762,-0.0161290322580645,0.1071428571428571,-0.4883722831214708,0.36809471,0.2506071721505377,0.3812981155913978,1,広陵,62.99999999999999,45.0,0.4731182795698925
2025-08-08 17:00:00+09:00,20,0.55,0.3809523809523809,0.0476190476190476,0.5714285714285714,-73.0,-0.1274193548387096,-0.1029185867895545,-0.7849462365591398,-0.4621594454483351,0.3517119995238095,0.2582647033333333,0.3900232847619048,1,広陵,11.0,7.619047619047618,0.33333333333333326
2025-08-08 19:00:00+09:00,100,0.49,0.47,0.0,0.53,80.0,-0.06,0.089047619047619,4.0,-0.3802787005144638,0.3593243281,0.2459206883,0.3947549814,1,広陵,49.0,47.0,0.47
2025-08-08 21:00:00+09:00,94,0.4574468085106383,0.3936170212765957,0.0,0.6063829787234043,-6.0,-0.0325531914893617,-0.0763829787234042,-0.06,-0.3772526341304679,0.3544367272340424,0.2419979662765957,0.4035653,1,広陵,43.0,36.99999999999999,0.3936170212765957
2025-08-08 22:00:00+09:00,4,0.75,0.0,0.0,1.0,-90.0,0.2925531914893617,-0.3936170212765957,-0.9574468085106383,-0.5834543680539356,0.29952113,0.1712711875,0.529207665,1,広陵,3.0,0.0,0.0
2025-08-08 23:00:00+09:00,59,0.559322033898305,0.4262295081967213,0.0,0.5737704918032787,55.0,-0.1906779661016949,0.4262295081967213,13.75,-0.3934891957553012,0.3551644186885246,0.2447012859016393,0.4001342878688523,1,広陵,33.0,25.147540983606557,0.4262295081967213
2025-08-09 00:00:00+09:00,41,0.6829268292682927,0.2439024390243902,0.0,0.7560975609756098,-18.0,0.1236047953699877,-0.182327069172331,-0.3050847457627119,-0.615915453214789,0.3529211343902438,0.2387848963414633,0.4082939746341464,1,広陵,28.000000000000004,9.999999999999998,0.2439024390243902
2025-08-09 01:00:00+09:00,49,0.4693877551020408,0.3877551020408163,0.0,0.6122448979591837,8.0,-0.2135390741662519,0.143852663016426,0.1951219512195122,-0.3168093011933094,0.3513395385714286,0.2440048928571428,0.4046555626530612,1,広陵,23.0,19.0,0.3877551020408163
2025-08-09 02:00:00+09:00,47,0.4893617021276595,0.2765957446808511,0.0212765957446808,0.7021276595744681,-2.0,0.0199739470256187,-0.1111593573599652,-0.0408163265306122,-0.3573143248783147,0.3387637480851063,0.2541575885106383,0.4070786582978724,1,広陵,22.999999999999996,13.0,0.25531914893617025
2025-08-09 03:00:00+09:00,36,0.5277777777777778,0.4166666666666667,0.0277777777777777,0.5555555555555556,-11.0,0.0384160756501182,0.1400709219858156,-0.2340425531914893,-0.3870982904207065,0.3692470375,0.2433873091666666,0.3873656644444444,1,広陵,19.0,15.0,0.388888888888889
2025-08-09 04:00:00+09:00,41,0.4634146341463415,0.4146341463414634,0.0,0.5853658536585366,5.0,-0.0643631436314363,-0.0020325203252032,0.1388888888888889,-0.3396333202878695,0.3518804221951219,0.249901881707317,0.3982176992682926,1,広陵,19.0,17.0,0.4146341463414634
2025-08-09 05:00:00+09:00,47,0.6382978723404256,0.3404255319148936,0.0851063829787234,0.574468085106383,6.0,0.174883238194084,-0.0742086144265697,0.1463414634146341,-0.4177810323394914,0.3529192512765957,0.2582676755319149,0.3888130676595745,1,広陵,30.0,16.0,0.2553191489361702
2025-08-09 06:00:00+09:00,19,0.5789473684210527,0.4736842105263157,0.0,0.5263157894736842,-28.0,-0.0593505039193729,0.1332586786114221,-0.5957446808510638,-0.4598003550015979,0.3579776131578947,0.2539752226315789,0.38804716,1,広陵,11.0,8.999999999999998,0.4736842105263157
2025-08-09 07:00:00+09:00,69,0.5797101449275363,0.391304347826087,0.0144927536231884,0.5942028985507246,50.0,0.0007627765064835,-0.0823798627002287,2.631578947368421,-0.4640819301552045,0.3653735144927537,0.2398393933333333,0.3947870962318841,1,広陵,40.0,27.0,0.37681159420289856
2025-08-09 08:00:00+09:00,13,0.5384615384615384,0.4,0.0,0.6,-56.0,-0.0412486064659978,0.008695652173913,-0.8115942028985508,-0.4201575894840062,0.3497143926666666,0.2600212953333333,0.3902643213333333,1,広陵,7.0,5.2,0.4
2025-08-09 09:00:00+09:00,70,0.5714285714285714,0.4571428571428571,0.0,0.5428571428571428,57.0,0.0329670329670329,0.0571428571428571,4.384615384615385,-0.3458396417055546,0.3576270852857143,0.2458047262857142,0.3965681915714286,1,広陵,40.0,31.999999999999996,0.4571428571428571
2025-08-09 10:00:00+09:00,4,0.75,0.25,0.0,0.75,-66.0,0.1785714285714286,-0.2071428571428571,-0.9428571428571428,-0.590401109540835,0.3476221774999999,0.2207056974999999,0.4316721275,1,広陵,3.0,1.0,0.25
2025-08-09 11:00:00+09:00,86,0.6511627906976745,0.5632183908045977,0.0114942528735632,0.425287356321839,82.0,-0.0988372093023255,0.3132183908045977,20.5,-0.4869638486770678,0.3811238913793104,0.2526860236781609,0.3661900816091954,1,広陵,56.00000000000001,48.4367816091954,0.5517241379310345
2025-08-09 12:00:00+09:00,7,0.4285714285714285,0.4285714285714285,0.0,0.5714285714285714,-79.0,-0.2225913621262459,-0.1346469622331691,-0.9186046511627908,-0.2688268942625396,0.3745619728571428,0.2227057628571428,0.4027322371428571,1,広陵,2.9999999999999996,2.9999999999999996,0.4285714285714285
2025-08-09 13:00:00+09:00,18,0.5555555555555556,0.631578947368421,0.0,0.3684210526315789,11.0,0.1269841269841271,0.2030075187969924,1.5714285714285714,-0.4090389740824895,0.3705114210526316,0.2558444794736842,0.3736441042105262,1,広陵,10.0,11.368421052631579,0.631578947368421
2025-08-09 14:00:00+09:00,45,0.4888888888888889,0.6,0.0,0.4,27.0,-0.0666666666666667,-0.031578947368421,1.5,-0.3433904700136433,0.3785517813333332,0.2459279255555555,0.37552029,1,広陵,22.0,27.0,0.6
2025-08-09 15:00:00+09:00,52,0.5192307692307693,0.4423076923076923,0.0,0.5576923076923077,7.0,0.0303418803418804,-0.1576923076923077,0.1555555555555555,-0.3857463614068155,0.3624287163461538,0.2404074644230769,0.3971638196153846,1,広陵,27.000000000000004,23.0,0.4423076923076923
2025-08-09 16:00:00+09:00,30,0.5,0.4193548387096774,0.032258064516129,0.5483870967741935,-22.0,-0.0192307692307692,-0.0229528535980148,-0.4230769230769231,-0.3382545822007101,0.3645400561290322,0.2415927803225807,0.3938671625806452,1,広陵,15.0,12.580645161290322,0.3870967741935484
2025-08-09 17:00:00+09:00,50,0.54,0.392156862745098,0.0,0.6078431372549019,20.0,0.04,-0.0271979759645794,0.6666666666666666,-0.3127270672703162,0.3466322331372548,0.24459392,0.408773855882353,1,広陵,27.0,19.6078431372549,0.392156862745098
2025-08-09 18:00:00+09:00,25,0.44,0.3461538461538461,0.0,0.6538461538461539,-25.0,-0.1,-0.0460030165912518,-0.5,-0.2379093250582137,0.3409090338461539,0.2338325723076923,0.4252583876923076,1,広陵,11.0,8.653846153846152,0.3461538461538461
2025-08-09 19:00:00+09:00,65,0.4615384615384615,0.4626865671641791,0.0597014925373134,0.4776119402985074,40.0,0.0215384615384615,0.1165327210103329,1.6,-0.283703624051926,0.3622328270149254,0.2559700659701492,0.3817971083582089,1,広陵,29.999999999999996,30.074626865671643,0.4029850746268657
2025-08-09 20:00:00+09:00,28,0.5714285714285714,0.3928571428571428,0.0,0.6071428571428571,-37.0,0.1098901098901098,-0.0698294243070362,-0.5692307692307692,-0.4539457562495955,0.3767053939285714,0.2300487803571428,0.3932458110714285,1,広陵,16.0,10.999999999999998,0.3928571428571428
2025-08-09 21:00:00+09:00,62,0.4516129032258064,0.3809523809523809,0.0317460317460317,0.5873015873015873,34.0,-0.119815668202765,-0.0119047619047619,1.2142857142857142,-0.3190753244451203,0.3531425992063492,0.246624326984127,0.4002330663492063,1,広陵,27.999999999999996,23.619047619047613,0.3492063492063492
2025-08-09 22:00:00+09:00,41,0.4390243902439024,0.3571428571428571,0.0,0.6428571428571429,-21.0,-0.0125885129819039,-0.0238095238095237,-0.3387096774193548,-0.2297309115307317,0.3451210747619048,0.244633654047619,0.4102452673809524,1,広陵,17.999999999999996,14.64285714285714,0.3571428571428571
2025-08-09 23:00:00+09:00,41,0.5365853658536586,0.4285714285714285,0.0,0.5714285714285714,0.0,0.0975609756097561,0.0714285714285714,0.0,-0.3131707454532652,0.3553938621428572,0.2264201957142857,0.4181859433333333,1,広陵,22.0,17.57142857142857,0.4285714285714285
2023-12-24 23:00:00+09:00,110,0.1363636363636363,0.1441441441441441,0.1351351351351351,0.7207207207207207,0.0,0.0,0.0,0.0,0.3323973642299287,0.2957109389189189,0.3001271755855855,0.4041618852252251,0,松本人志,14.999999999999993,15.85585585585585,0.009009009009009
2023-12-25 00:00:00+09:00,80,0.1375,0.1234567901234567,0.1111111111111111,0.7654320987654321,-30.0,0.0011363636363637,-0.0206873540206873,-0.2727272727272727,0.3496759020131266,0.2855850565432098,0.2973297301234567,0.4170852120987654,0,松本人志,11.0,9.876543209876536,0.012345679012345595
2023-12-25 01:00:00+09:00,44,0.2045454545454545,0.1363636363636363,0.1818181818181818,0.6818181818181818,-36.0,0.0670454545454544,0.0129068462401795,-0.45,0.2229942700465802,0.2953745156818182,0.3027392122727273,0.4018862854545453,0,松本人志,8.999999999999998,5.999999999999997,-0.0454545454545455
2023-12-25 02:00:00+09:00,34,0.2352941176470588,0.2,0.0285714285714285,0.7714285714285715,-10.0,0.0307486631016042,0.0636363636363636,-0.2272727272727272,0.2614531760469878,0.2929887614285714,0.3017048702857142,0.4053063642857142,0,松本人志,7.999999999999999,6.800000000000001,0.1714285714285715
2023-12-25 03:00:00+09:00,13,0.2307692307692307,0.2857142857142857,0.0,0.7142857142857143,-21.0,-0.004524886877828,0.0857142857142856,-0.6176470588235294,-0.0373601032354469,0.3083037821428572,0.2908900192857143,0.4008062150000001,0,松本人志,2.999999999999999,3.714285714285714,0.2857142857142857
2023-12-25 04:00:00+09:00,11,0.0909090909090909,0.2727272727272727,0.1818181818181818,0.5454545454545454,-2.0,-0.1398601398601398,-0.0129870129870129,-0.1538461538461538,0.2655074773779647,0.3249524809090909,0.3047148572727272,0.3703326709090909,0,松本人志,0.9999999999999999,3.0,0.09090909090909091
2023-12-25 05:00:00+09:00,8,0.125,0.25,0.25,0.5,-3.0,0.0340909090909091,-0.0227272727272727,-0.2727272727272727,0.0756178723531775,0.33384162,0.2991894699999999,0.36696892125,0,松本人志,1.0,2.0,0.0
2023-12-25 06:00:00+09:00,12,0.25,0.1666666666666666,0.3333333333333333,0.5,4.0,0.125,-0.0833333333333333,0.5,0.0521824826331188,0.3149034208333333,0.3192518458333334,0.3658447075,0,松本人志,3.0,1.9999999999999991,-0.1666666666666667
2023-12-25 07:00:00+09:00,24,0.3333333333333333,0.2083333333333333,0.1666666666666666,0.625,12.0,0.0833333333333333,0.0416666666666666,1.0,0.0603579152351206,0.3084515370833333,0.2907603995833333,0.4007880570833333,0,松本人志,8.0,4.999999999999999,0.041666666666666685
2023-12-25 08:00:00+09:00,34,0.1470588235294117,0.1142857142857142,0.2571428571428571,0.6285714285714286,10.0,-0.1862745098039216,-0.094047619047619,0.4166666666666667,0.3412045754026622,0.2990951677142858,0.3217330231428571,0.3791718097142857,0,松本人志,4.999999999999997,3.8857142857142826,-0.1428571428571429
2023-12-25 11:00:00+09:00,26,0.2692307692307692,0.2307692307692307,0.2307692307692307,0.5384615384615384,-8.0,0.1221719457013575,0.1164835164835165,-0.2352941176470588,0.0063020258138959,0.3235650342307692,0.3070361930769231,0.3693987657692308,0,松本人志,7.0,5.999999999999998,0.0
2023-12-25 12:00:00+09:00,32,0.1875,0.21875,0.125,0.65625,6.0,-0.0817307692307692,-0.0120192307692307,0.2307692307692307,0.3218359511483868,0.2993327409375,0.297825765,0.40284148625,0,松本人志,6.0,7.0,0.09375
2023-12-25 13:00:00+09:00,23,0.0,0.4347826086956521,0.0869565217391304,0.4782608695652174,-9.0,-0.1875,0.2160326086956521,-0.28125,0.2693091583509079,0.3238997830434783,0.2935427760869565,0.3825574421739129,0,松本人志,0.0,9.999999999999998,0.34782608695652173
2023-12-25 14:00:00+09:00,23,0.1739130434782608,0.217391304347826,0.217391304347826,0.5652173913043478,0.0,0.1739130434782608,-0.217391304347826,0.0,0.1913513790249177,0.3092759008695652,0.3184447491304347,0.37227934,0,松本人志,3.9999999999999987,4.999999999999998,0.0
2023-12-25 15:00:00+09:00,16,0.1875,0.1764705882352941,0.2352941176470588,0.5882352941176471,-7.0,0.0135869565217391,-0.0409207161125319,-0.3043478260869565,0.1824785466785268,0.3239002170588235,0.3061067970588235,0.36999297,0,松本人志,3.0,2.8235294117647056,-0.05882352941176469
2023-12-25 16:00:00+09:00,20,0.1,0.2,0.0,0.8,4.0,-0.0875,0.0235294117647058,0.25,0.3217015254078433,0.303609905,0.282633002,0.4137571005,0,松本人志,2.0,4.0,0.2
2023-12-25 17:00:00+09:00,20,0.1,0.25,0.15,0.6,0.0,0.0,0.0499999999999999,0.0,0.2975344280712306,0.2951213175,0.3157284809999999,0.3891502145,0,松本人志,2.0,5.0,0.1
2023-12-25 18:00:00+09:00,31,0.1290322580645161,0.3548387096774194,0.1290322580645161,0.5161290322580645,11.0,0.029032258064516,0.1048387096774193,0.55,0.2221754364098512,0.3197244474193549,0.2954410525806452,0.3848345006451613,0,松本人志,3.999999999999999,11.0,0.22580645161290328
2023-12-25 19:00:00+09:00,32,0.09375,0.21875,0.125,0.65625,1.0,-0.0352822580645161,-0.1360887096774193,0.032258064516129,0.1813526590121909,0.3035407825,0.291936345625,0.4045228684374999,0,松本人志,3.0,7.0,0.09375
2023-12-25 20:00:00+09:00,52,0.0576923076923076,0.1296296296296296,0.074074074074074,0.7962962962962963,20.0,-0.0360576923076924,-0.0891203703703703,0.625,0.3937569178869362,0.2982138559259259,0.2789714509259259,0.4228146874074073,0,松本人志,2.999999999999995,6.740740740740739,0.055555555555555594
2023-12-25 21:00:00+09:00,43,0.1395348837209302,0.1627906976744186,0.1162790697674418,0.7209302325581395,-9.0,0.0818425760286226,0.0331610680447889,-0.173076923076923,0.2770038649445226,0.3080607695348837,0.2751745297674419,0.4167647046511628,0,松本人志,5.999999999999999,6.999999999999999,0.046511627906976785
2023-12-25 22:00:00+09:00,25,0.08,0.28,0.12,0.6,-18.0,-0.0595348837209302,0.1172093023255814,-0.4186046511627907,0.4392688284581527,0.3047599668,0.3065778044,0.388662232,0,松本人志,2.0,7.000000000000001,0.16000000000000003
2023-12-25 23:00:00+09:00,27,0.1111111111111111,0.1111111111111111,0.2222222222222222,0.6666666666666666,2.0,0.0311111111111111,-0.1688888888888889,0.08,0.3422778526588378,0.2923555533333333,0.3121585662962963,0.3954858737037036,0,松本人志,3.0,3.0,-0.1111111111111111
2023-12-26 00:00:00+09:00,19,0.2631578947368421,0.1578947368421052,0.1052631578947368,0.7368421052631579,-8.0,0.1520467836257309,0.0467836257309941,-0.2962962962962963,0.0196409341511561,0.2873045863157895,0.2920152352631578,0.4206801852631578,1,松本人志,5.0,2.9999999999999987,0.052631578947368404
2023-12-26 01:00:00+09:00,16,0.125,0.0625,0.0625,0.875,-3.0,-0.1381578947368421,-0.0953947368421052,-0.1578947368421052,0.1140720259645604,0.282719028125,0.273367665,0.443913316875,1,松本人志,2.0,1.0,0.0
2023-12-26 02:00:00+09:00,7,0.2857142857142857,0.2857142857142857,0.0,0.7142857142857143,-9.0,0.1607142857142857,0.2232142857142857,-0.5625,-0.2848460469394921,0.28840993,0.2731633328571429,0.4384267328571428,1,松本人志,2.0,2.0,0.2857142857142857
2023-12-26 03:00:00+09:00,8,0.0,0.1111111111111111,0.1111111111111111,0.7777777777777778,1.0,-0.2857142857142857,-0.1746031746031746,0.1428571428571428,0.4470430803743916,0.2713760188888889,0.2992160088888889,0.4294079688888889,1,松本人志,0.0,0.8888888888888888,0.0
2023-12-26 04:00:00+09:00,5,0.2,0.0,0.2,0.8,-3.0,0.2,-0.1111111111111111,-0.375,0.0584520967910066,0.250089744,0.27073862,0.4791716219999999,1,松本人志,1.0,0.0,-0.2
2023-12-26 05:00:00+09:00,1,1.0,0.0,0.0,1.0,-4.0,0.8,0.0,-0.8,-0.8206876758486034,0.2515129,0.1961692,0.5523179,1,松本人志,1.0,0.0,0.0
2023-12-26 06:00:00+09:00,4,0.0,0.25,0.0,0.75,3.0,-1.0,0.25,3.0,0.532377407187596,0.31074541,0.2955300125,0.3937245725,1,松本人志,0.0,1.0,0.25
2023-12-26 07:00:00+09:00,14,0.2142857142857142,0.0,0.1333333333333333,0.8666666666666667,10.0,0.2142857142857142,-0.25,2.5,0.1992131257041668,0.2918689713333334,0.3007228413333333,0.4074081826666667,1,松本人志,2.9999999999999987,0.0,-0.1333333333333333
2023-12-26 08:00:00+09:00,9,0.0,0.2,0.2,0.6,-5.0,-0.2142857142857142,0.2,-0.3571428571428571,0.4272228360641749,0.325180651,0.295900867,0.378918488,1,松本人志,0.0,1.8,0.0
2023-12-27 07:00:00+09:00,187,0.2941176470588235,0.1979166666666666,0.0677083333333333,0.734375,178.0,0.2941176470588235,-0.0020833333333333,19.77777777777778,-0.160654829320265,0.3089316086458333,0.2785252521354167,0.412543139375,1,松本人志,54.99999999999999,37.01041666666666,0.13020833333333331
2023-12-27 08:00:00+09:00,301,0.3089700996677741,0.2418300653594771,0.0555555555555555,0.7026143790849673,114.0,0.0148524526089506,0.0439133986928104,0.6096256684491979,-0.1246150539901862,0.3099402381699346,0.2744714932352941,0.4155882682352941,1,松本人志,93.00000000000001,72.7908496732026,0.1862745098039216
2023-12-28 07:00:00+09:00,247,0.3360323886639676,0.2047244094488189,0.0590551181102362,0.7362204724409449,-54.0,0.0270622889961935,-0.0371056559106582,-0.1794019933554817,-0.222023646237226,0.304324774527559,0.2719300454724409,0.4237451837007874,1,松本人志,83.0,50.56692913385827,0.1456692913385827
2023-12-28 08:00:00+09:00,396,0.351010101010101,0.1779448621553884,0.0676691729323308,0.7543859649122807,149.0,0.0149777123461333,-0.0267795472934304,0.6032388663967612,-0.2135019130668694,0.3044084211278195,0.2734289821052632,0.4221625960902255,1,松本人志,139.0,70.46616541353382,0.11027568922305761
2023-12-29 07:00:00+09:00,252,0.3373015873015873,0.2125984251968504,0.0393700787401574,0.7480314960629921,-144.0,-0.0137085137085136,0.0346535630414619,-0.3636363636363636,-0.1619942381008213,0.3093458748818897,0.2693702529527558,0.4212838715354331,1,松本人志,85.0,53.5748031496063,0.173228346456693
2023-12-29 08:00:00+09:00,416,0.34375,0.2203791469194312,0.0402843601895734,0.7393364928909952,164.0,0.0064484126984126,0.0077807217225808,0.6507936507936508,-0.1665447004243149,0.3064388975118483,0.2703892068483412,0.4231718966587677,1,松本人志,143.0,91.67772511848338,0.1800947867298578
2023-12-30 07:00:00+09:00,155,0.4,0.1069182389937107,0.0628930817610062,0.8301886792452831,-261.0,0.05625,-0.1134609079257205,-0.6274038461538461,-0.2265543435508408,0.293395213836478,0.2676930293081761,0.4389117572327044,1,松本人志,62.0,16.572327044025158,0.04402515723270449
2023-12-30 08:00:00+09:00,362,0.287292817679558,0.1557377049180328,0.0765027322404371,0.76775956284153,207.0,-0.112707182320442,0.0488194659243221,1.335483870967742,-0.1589338987015437,0.3023417754644809,0.2730131315300546,0.4246450908469946,1,松本人志,104.0,56.37704918032787,0.07923497267759569
2023-12-31 07:00:00+09:00,92,0.2826086956521739,0.2258064516129032,0.021505376344086,0.7526881720430108,-270.0,-0.0046841220273841,0.0700687466948704,-0.7458563535911602,-0.147682182961494,0.3026785147311828,0.2709516588172043,0.4263698309677418,1,松本人志,25.999999999999996,20.774193548387093,0.2043010752688172
2023-12-31 08:00:00+09:00,223,0.3139013452914798,0.1814159292035398,0.0619469026548672,0.7566371681415929,131.0,0.0312926496393058,-0.0443905224093633,1.423913043478261,-0.1764276125143793,0.3036849074336283,0.2767970340265486,0.4195180621238938,1,松本人志,69.99999999999999,40.45575221238938,0.1194690265486726
